id,ticketNumber,firstInitial,lastInitial,purchaseDate,entryType
fc8fc732-a3cc-41c0-89a7-1f892dc03cfb,355959,E,D,2026-02-05,online
e092d5ad-a2c5-4b2f-a9bb-c7a32b252911,28246,E,D,2026-02-05,online
bd9903f1-3cb5-4f4b-826c-8383ea125322,56821,E,D,2026-02-05,online
b16b17d6-f84f-4c8f-bea7-7011ba37dcce,140261,E,D,2026-02-05,online
a4819c1b-a8d9-4367-859b-61ffbdbc803b,185875,E,D,2026-02-05,online
d6c35619-65fc-4bc2-8d0a-a693be05094a,3379,E,D,2026-02-05,online
ec021164-2147-49c7-8f18-308432f39f56,98314,E,D,2026-02-05,online
485626ec-db97-499b-9906-af8fdd5cc934,132042,E,D,2026-02-05,online
2eca0a80-9c8e-4dd3-9c13-ddb8c20d2ac0,417699,E,D,2026-02-05,online
d1ea7f65-6987-4c83-9779-e354f9823dbc,213724,E,D,2026-02-05,online
eaae8757-e49d-429d-a9f5-67f0078c98de,263843,E,D,2026-02-05,online
d0163c2a-4c0c-42c5-b4d0-241a9f34a702,457524,E,D,2026-02-05,online
afb5e8fb-649f-44f4-a83f-61f41eaf3076,273004,E,D,2026-02-05,online
bed571c1-ebd7-4fe9-921b-551edda97578,306283,E,D,2026-02-05,online
ea234e07-b7fd-4796-bd58-9e5ed2a24ab8,146880,E,D,2026-02-05,online
dd5d0bec-6a69-4a02-8f53-03d8ce36a341,498069,E,D,2026-02-05,online
571bd071-1b3d-483f-a804-be58f9b47075,133128,E,D,2026-02-05,online
ba7a4026-3c1f-4aee-8639-6494e676f446,222924,E,D,2026-02-05,online
c8792066-0a2e-4aa3-859e-8d22e88b30c0,279781,E,D,2026-02-05,online
fcb198ff-a26c-4c55-af1f-48a6918cc92c,388101,E,D,2026-02-05,online
678417d9-8c1a-4988-8d1e-0d821f006a07,38527,E,D,2026-02-05,online
720a5cd3-6176-4118-a57a-a05fd1144b03,221419,E,D,2026-02-05,online
a706e9cc-b020-4e66-91b2-a9ba99bbb4cb,205395,E,D,2026-02-05,online
13f82c50-1655-4b25-958a-afe2c521e9d1,445951,E,D,2026-02-05,online
cb4d170b-2a94-41fb-a419-05e4238b3507,107279,E,D,2026-02-05,online
4b4cda35-b259-4f38-af0f-514d742daf09,312461,E,D,2026-02-05,online
b90487c2-67a2-4d01-b6ac-90f90c9af733,191556,E,D,2026-02-05,online
e418d507-c329-4cbc-a3d8-67d95426a2c6,463365,E,D,2026-02-05,online
f752c4c8-7b26-4eb5-96e1-ff85bf8da2ff,133862,E,D,2026-02-05,online
8a6f9b76-b269-476f-97af-098b7973aeb4,105599,E,D,2026-02-05,online
07273466-b882-455d-a8d6-0e5ac147e561,139898,E,D,2026-02-05,online
573696d0-70a6-43fe-81c1-dd668c283ad2,300920,E,D,2026-02-05,online
ee1e9b09-c116-4ac1-a81c-9141bd497f95,492562,E,D,2026-02-05,online
b28de865-a01b-43ae-828f-0e94cd832a05,370664,E,D,2026-02-05,online
1c90c6f7-7d00-4547-801a-a2bd31dd058b,336751,E,D,2026-02-05,online
29b153ab-ff75-42d6-8bad-99d6cd142f6e,344643,E,D,2026-02-05,online
f25d456b-825b-4579-b3ce-10d72a94226a,42594,E,D,2026-02-05,online
81990206-fcf3-4651-94a9-6fb48cbaa15e,415024,E,D,2026-02-05,online
c62d3f47-fe5e-4b24-b235-0b44354708c0,407051,E,D,2026-02-05,online
34cfac6c-b0cd-4cc7-ab0c-6dc1581cf11b,139184,E,D,2026-02-05,online
561823df-cf63-42ca-91df-23a777601b11,465276,E,D,2026-02-05,online
0a93cd9d-d3f2-4fb2-90b3-0dd349a49ba0,107333,E,D,2026-02-05,online
30649735-522d-4a2e-b316-e71116b31a5d,151423,E,D,2026-02-05,online
e4ac01f0-4c2d-4ec5-bae9-477e558c1bd2,499572,E,D,2026-02-05,online
8ccdca4a-cc5f-4573-afd7-0f8cd8d2b390,21510,E,D,2026-02-05,online
c93f89e0-d8b2-45fd-b68c-1afcf635de6c,174520,E,D,2026-02-05,online
ab82bef8-c962-4553-b89f-b1a58034f2cc,16845,E,D,2026-02-05,online
21557add-f5af-4756-90ba-dc94888055e8,208332,E,D,2026-02-05,online
a7470435-7499-469b-80e0-02620c701e70,152740,E,D,2026-02-05,online
dd4f931c-e27c-475a-9362-25036e4dfd45,53379,E,D,2026-02-05,online
51abef92-df5e-4039-adf8-03266ca3b9ac,380188,E,D,2026-02-05,online
ff8ad363-04a4-4947-8f1d-cc89b8e6a452,295995,E,D,2026-02-05,online
7def423e-7092-4363-bb1e-c0b27eb003b6,262116,E,D,2026-02-05,online
e1f99342-6731-4993-baa2-96d2f80f96fc,137791,E,D,2026-02-05,online
5acad741-3d42-4907-8f3a-57d872c54c64,216376,E,D,2026-02-05,online
ba0d9771-3259-4902-8bff-fec9c5b71c8d,151302,E,D,2026-02-05,online
75c01bff-50cf-42b6-a309-cfa8e5b23c3f,464927,E,D,2026-02-05,online
6b3e3f47-cc45-4081-acd4-cabd7a298286,242823,E,D,2026-02-05,online
cd58c25f-74d5-42da-82bd-585d8db4f90a,146497,E,D,2026-02-05,online
ed1abf65-e412-4945-a24e-cf2d6fb83d0e,247546,E,D,2026-02-05,online
40601053-beda-4c5f-8ea7-b4dc0250e7bf,79290,E,D,2026-02-05,online
30401876-b88c-46b5-9e15-8a799ee338e7,271375,E,D,2026-02-05,online
bdae7561-a452-45c1-869c-42edbd8abda6,76954,E,D,2026-02-05,online
5f026a25-5691-4a93-bdfa-47ee1438d16b,301863,E,D,2026-02-05,online
f7feb948-5a05-4b70-ab94-58da1dbf1ac9,29064,E,D,2026-02-05,online
1ba75072-d3b5-476c-9b8b-490371784e3a,263757,E,D,2026-02-05,online
89730d56-c66f-441c-b27d-90c38da36467,383542,E,D,2026-02-05,online
dbf11207-a90a-4523-8e30-5191b271936e,468379,E,D,2026-02-05,online
4a9a433c-1141-478c-9942-297bc6f8e9e1,201565,E,D,2026-02-05,online
93f0d812-e2fc-4628-b957-77026f5d9e95,19169,E,D,2026-02-05,online
df532930-d073-45ce-9796-43c36dbdd301,224041,E,D,2026-02-05,online
4e8dbb49-f010-42b2-8c7e-c4a4151da375,347653,E,D,2026-02-05,online
ed969949-425e-4917-b35c-5fccd6625ff7,176990,E,D,2026-02-05,online
a797203f-6767-4255-b241-993d1384f71c,128243,E,D,2026-02-05,online
2c289425-c83c-4c3e-a2db-77d45534f4be,175161,E,D,2026-02-05,online
e613e5e2-afac-4c59-841b-ba200b8d50ff,38316,E,D,2026-02-05,online
5285040b-5d2c-42d7-b96f-fc9d68b5847f,76642,E,D,2026-02-05,online
69dc76c0-53ff-4859-ba56-ee8f091a0855,101943,E,D,2026-02-05,online
b7c228d3-46c6-46ea-8337-6b823825ea71,362796,E,D,2026-02-05,online
e7a2d814-e606-4bd1-a168-3b10e3b40efc,290407,E,D,2026-02-05,online
95717cf9-353c-4727-a671-0ceff16920a2,141681,E,D,2026-02-05,online
d40fa335-2a07-478c-8a81-6c74581610f2,193470,E,D,2026-02-05,online
b10d963d-bd8c-4df5-9356-add1a5c9a93c,370626,E,D,2026-02-05,online
89c3a74d-9f77-4009-a524-8f8f3e4fd2ed,248839,E,D,2026-02-05,online
62c5a6a9-6f87-4d17-96e1-e5061d6d615d,298934,E,D,2026-02-05,online
2c77fd7d-dc4d-4eab-806d-a400bc209d53,168771,E,D,2026-02-05,online
edb0fd90-992f-4f87-b6e1-333b160462d2,53931,E,D,2026-02-05,online
85474600-5e85-4574-bc20-ae498ac78915,311411,E,D,2026-02-05,online
5d471ad0-3f7d-4523-8be9-48e6c7313bf7,131391,E,D,2026-02-05,online
ff782796-7780-4b1d-b226-a0af23973209,445946,E,D,2026-02-05,online
375bde75-bdd8-4f76-9815-ff2e3edab04a,231982,E,D,2026-02-05,online
058433d9-e30f-4369-83df-71345cfc77ba,107006,E,D,2026-02-05,online
db524869-7381-40fb-a5bf-8ba1140d3280,488745,E,D,2026-02-05,online
2485c7aa-b60e-403f-9cf7-96b398e86daf,397617,E,D,2026-02-05,online
50fe1142-b3d6-41c9-a25a-066dddbfd2a7,55099,E,D,2026-02-05,online
76b557d8-cf04-467e-bec8-f18c885963a3,157875,E,D,2026-02-05,online
6abe6672-eaba-41c0-b22f-ce193076b1f2,383567,E,D,2026-02-05,online
78ccd7ec-732d-407d-925c-a313975029b1,34683,E,D,2026-02-05,online
7f1216c0-27e0-473f-b8ad-ffcea20f70d4,459755,E,D,2026-02-05,online
f7acf45c-71fc-4a65-a2ce-f30d4a19fdc5,230459,E,D,2026-02-05,online
28086df0-e90e-47f3-8623-296893b24e46,386188,E,D,2026-02-05,online
b358d8d9-1b4d-4e23-8cd0-46f819c56b46,245043,E,D,2026-02-05,online
4fc51e64-bbde-4c44-b861-00ae5ec1dbe6,356873,E,D,2026-02-05,online
ea35a9ee-3f46-4979-9e0a-bbec0cdd3484,237998,E,D,2026-02-05,online
48e85ddf-faf1-4905-a032-0f70f96d5352,499425,E,D,2026-02-05,online
559e6f10-13fb-4f70-b223-936914285f03,446021,E,D,2026-02-05,online
28bfb8dd-5d57-4202-93d3-4fa854a6b023,136187,E,D,2026-02-05,online
9a123961-3d47-48ba-952c-633645d23fc7,408544,E,D,2026-02-05,online
a6cce323-9c25-4d8a-aa5e-6cd48974c8cb,370168,E,D,2026-02-05,online
ac1a4f24-895c-4d3f-bb12-983821444187,36186,E,D,2026-02-05,online
68469829-28bf-4bcb-82f7-3b6829f57b9c,277240,E,D,2026-02-05,online
a5710ee2-103a-4d9a-a851-076d596faef8,347906,E,D,2026-02-05,online
7d404499-a473-4195-b0f0-03ac745a9290,146595,E,D,2026-02-05,online
71b9507a-ea79-4920-a0d9-b614e47aec67,51219,E,D,2026-02-05,online
98ca707c-1cec-49ab-8837-82c4b96cea92,202165,E,D,2026-02-05,online
7fcf6518-d6e7-4301-ada0-1b2df0a16543,486466,E,D,2026-02-05,online
8165ec5b-26e6-4780-83c3-6131c913faa1,92341,E,D,2026-02-05,online
4f7a51df-9bb8-4dda-8103-e97132abf466,137937,E,D,2026-02-05,online
6b96053a-37db-470f-9d77-793b1bcf91d8,291287,E,D,2026-02-05,online
97328cc8-1a85-4866-a2ec-ad6c03b97732,203703,E,D,2026-02-05,online
1b544851-00b4-4378-bd22-e9f93c3d8b1e,168029,E,D,2026-02-05,online
9f21e559-db52-420e-a6ab-09c2f178bad6,254844,E,D,2026-02-05,online
0e87851f-b30e-40e1-b7d9-c0f53af2670e,390429,E,D,2026-02-05,online
9d21ee41-5389-4d6d-bb28-e5d4b33c270c,232644,E,D,2026-02-05,online
f46f16f4-c07f-489f-8bb6-a1f2c4a31e96,377838,E,D,2026-02-05,online
6e849719-1e26-450a-93d9-19beb1f4254d,235415,E,D,2026-02-05,online
b48c45b4-a77e-4b11-b882-b714a859a537,76717,E,D,2026-02-05,online
e3a01f76-c274-4923-94cb-a677843056fc,463728,E,D,2026-02-05,online
97cf3c19-a68d-4d5a-8737-2acb55722e4a,328107,E,D,2026-02-05,online
06f1e3d3-379d-45fd-ba81-bcbdd1ab5016,394507,E,D,2026-02-05,online
ceaa7fb0-f487-4f82-aa7e-16ed68ebd22f,254733,E,D,2026-02-05,online
2663067d-4c53-4e41-99ac-6430aa343516,259330,E,D,2026-02-05,online
2468ddf8-9aee-4d6b-b2d0-f6123e17a4aa,85602,E,D,2026-02-05,online
42664f95-e978-48e0-83b9-79f71c7ab737,357374,E,D,2026-02-05,online
8ae9186e-1635-4c34-b61a-39ba45efb475,164651,E,D,2026-02-05,online
a95d2330-517a-495c-a36c-9b2af26b7cd0,303375,E,D,2026-02-05,online
9119c3ce-0a90-4d7c-a448-58885d77874e,173665,E,D,2026-02-05,online
2d544787-00d1-4455-9d7b-b451146cfa17,477968,E,D,2026-02-05,online
5e97aa31-6d10-494a-ac20-412ed85c709c,237117,E,D,2026-02-05,online
d771e4fa-7218-4d65-81f6-b39a9f17289c,300791,E,D,2026-02-05,online
dd3fd967-ab6a-4d70-bc0c-2a52bb0bf697,109258,E,D,2026-02-05,online
2f9feb34-5bf5-4e51-bdb6-4e6d4c00b3d0,270086,E,D,2026-02-05,online
2ece0d52-0079-41c9-868b-e193274f9ace,335647,E,D,2026-02-05,online
b3db4bf6-b89f-4f33-8082-e861361a9e59,175699,E,D,2026-02-05,online
403e1b2d-59b2-455c-a387-a4ec9b1082af,295537,E,D,2026-02-05,online
246f6771-5bbd-431d-841a-f989bc1677e4,479869,E,D,2026-02-05,online
85f0b578-f4b1-4aaf-983c-38a8f68da714,67179,E,D,2026-02-05,online
1da48ae3-9b21-4a58-9a9a-2fb877a29497,440468,E,D,2026-02-05,online
d681c378-71c6-41db-87c3-406075a14bd9,391072,E,D,2026-02-05,online
c1c45c9c-0069-461a-bf1d-25c2863954ec,56171,E,D,2026-02-05,online
16039870-7956-4035-add4-b7c529d7316c,471797,E,D,2026-02-05,online
9cec0d80-70db-40ec-99c2-4465147b8312,372700,E,D,2026-02-05,online
8de07819-4f35-4111-b82f-657a1ae4e98a,280436,E,D,2026-02-05,online
4faf0139-c58c-4991-a6bc-626898c587e8,282849,E,D,2026-02-05,online
1ae5f955-36e1-4cf0-9517-0a65ac3df639,254964,E,D,2026-02-05,online
7e39a1c1-40a9-48ac-a61b-a072435de2ff,46967,E,D,2026-02-05,online
aca2893f-def7-47b8-ab69-c4c81a222048,350383,E,D,2026-02-05,online
a553055a-e3ea-4153-b102-87b53287620a,353109,E,D,2026-02-05,online
a27d3900-af0f-4286-a059-2aaa8532b769,459303,E,D,2026-02-05,online
0d33da7a-b20d-42a3-9a16-0222e8596a86,377589,E,D,2026-02-05,online
9fbb5dbe-8b85-4f1b-9b71-2734471b5148,397899,E,D,2026-02-05,online
8ebda789-24ea-4265-9431-81930dde1cf3,481312,E,D,2026-02-05,online
d06e6e77-561e-41fd-8a6a-a03aa21cd521,497188,E,D,2026-02-05,online
be64df6b-e858-483b-9aee-91f2b07f9e87,319929,E,D,2026-02-05,online
95634181-08c6-489e-88f3-6ee51e7ab62f,151324,E,D,2026-02-05,online
8486e415-2b79-4ca8-ab47-49404ba96713,145166,E,D,2026-02-05,online
c50462c7-58ef-43d9-90f2-eae57ad91d87,345201,E,D,2026-02-05,online
872b0dec-543b-404f-bb1d-2fae30f2d92f,70785,E,D,2026-02-05,online
d2980fb3-0b39-4274-97e9-0f71573080b8,396677,E,D,2026-02-05,online
cad3f245-ef72-459d-9ed3-dc0f4b721092,135855,E,D,2026-02-05,online
e8b3ea0c-37af-4fa1-a1c0-7af72bac482a,296797,E,D,2026-02-05,online
773483de-de6b-40bf-884b-52da41ebb3d4,406139,E,D,2026-02-05,online
1e22ab67-f060-4db1-9eb0-6b93fb00ab3c,149889,E,D,2026-02-05,online
51829f6d-0acb-4c34-bcfc-f35f635aa57d,193763,E,D,2026-02-05,online
5921f36a-ccdf-485d-923f-bbb282b277d9,476948,E,D,2026-02-05,online
aeaed78a-58df-48e6-b98d-8fb8f98d6bd1,386314,E,D,2026-02-05,online
050d9436-0d0a-4c85-945b-0c4032e2d757,172533,E,D,2026-02-05,online
c107761b-c366-4af3-91ff-60a21e29656f,197533,E,D,2026-02-05,online
9184ba0e-d5cb-4086-b1b6-4a0fc878133f,354528,E,D,2026-02-05,online
56849e52-8d25-4288-9675-a5ad699061f5,18581,E,D,2026-02-05,online
7344b40c-9c56-443b-bb18-b85bf02bc4d9,460193,E,D,2026-02-05,online
5dad009b-7fb2-4afe-8034-5bdd95baf63f,210527,E,D,2026-02-05,online
8874c038-3eb9-4218-9da1-30b186a05afc,443160,E,D,2026-02-05,online
80aae6ed-fd1d-4f20-8e35-4518cd73c93e,101722,E,D,2026-02-05,online
87eb4ee6-35b3-4024-8b32-5ec6ef32b38a,165601,E,D,2026-02-05,online
2eff34f4-0603-439b-83ff-db77e4eeda7b,197644,E,D,2026-02-05,online
5dbeb64f-bd86-4353-aa0b-3ed848e36e92,49356,E,D,2026-02-05,online
b06b6162-1395-43a5-b66e-7586531857d0,323992,E,D,2026-02-05,online
cc0373d5-8013-4050-936c-8e1669e6ea58,468001,E,D,2026-02-05,online
c6ef19af-12d5-473b-9c6f-3eafa84c899c,44947,E,D,2026-02-05,online
3e087a6a-b020-42a5-b5c8-0ebd79f5aaa8,354929,E,D,2026-02-05,online
a42e5178-4668-4e9a-9c11-64a29cd1a4e1,206489,E,D,2026-02-05,online
84d8afcd-ffa8-401a-bbcc-4eadbf10bcae,482550,E,D,2026-02-05,online
5709616f-c91c-4aff-8415-5b6f78003381,348228,E,D,2026-02-05,online
261c3b39-891a-47e6-b45f-f4c13ab9a5cb,416704,E,D,2026-02-05,online
e31da33e-268d-4e96-bb26-30f3b6dec27f,139907,E,D,2026-02-05,online
65ecaeb2-8183-4c1d-b4df-5464a92871e5,275814,E,D,2026-02-05,online
da22c8f3-93c6-4df5-be9e-9dabd8f9d4fe,128100,E,D,2026-02-05,online
02c6e96d-1bae-4849-936e-6179945a6b16,429082,E,D,2026-02-05,online
d12516c4-99f6-4ee6-adef-138f8bc0d6e8,445570,E,D,2026-02-05,online
80f392b5-c509-4a88-ac3b-eedbd33cbcbd,72178,E,D,2026-02-05,online
0c572600-48ac-4565-889d-8a7cd875f093,17607,E,D,2026-02-05,online
e1c11c0a-1b9b-4cdc-aff3-c48dfe411ffa,477161,E,D,2026-02-05,online
6469a0f5-ee63-4c4b-8ea6-4aad378b5698,350556,E,D,2026-02-05,online
f2c8b5df-2cbb-452d-a927-bfd5ef2755a6,74155,E,D,2026-02-05,online
baab571f-6aa7-42dc-8826-2433b6d3da1d,56544,E,D,2026-02-05,online
5187d2cd-458a-437f-b7a8-9011c890a848,340490,E,D,2026-02-05,online
aabef0ab-5575-4275-9547-ca9f99b18b87,236888,E,D,2026-02-05,online
51b0901f-a04c-4d76-adc3-19f9e5b55c40,158310,E,D,2026-02-05,online
e9bf9650-010b-4e90-8db1-f543d1184879,270919,E,D,2026-02-05,online
d374a7bb-35b6-4e1f-aedf-6a04705755fd,490894,E,D,2026-02-05,online
3cac5a39-60ed-4557-9aad-0e6b07332f96,360325,E,D,2026-02-05,online
9888d957-723b-4fe6-b28e-2012ac07fcd5,262643,E,D,2026-02-05,online
f71aa252-0b41-43b7-b866-69095fd506b3,158624,E,D,2026-02-05,online
4204518e-1de9-492a-8c01-4e87f3e4807d,58345,E,D,2026-02-05,online
273423ef-4ee9-49c8-bc45-73ca486b5d02,85672,E,D,2026-02-05,online
d73f494a-0052-4e39-bfb4-b68a5b006aa5,403698,E,D,2026-02-05,online
9c2f8a8b-b3d7-488d-b429-e734e1d35dbb,99951,E,D,2026-02-05,online
b3733ae3-5856-4ea8-983e-da50a0808165,239599,E,D,2026-02-05,online
5d870ca5-6b80-4f37-b982-86fd2fdadbc6,127400,E,D,2026-02-05,online
67158204-1cfc-4b6f-8796-db07bb9ac371,344942,E,D,2026-02-05,online
6e0c82eb-8f8e-4cee-b587-ebaf648079f8,330055,E,D,2026-02-05,online
518a3088-1285-47d0-bcb6-876e7c071dcb,248324,E,D,2026-02-05,online
86493856-001e-455a-89a7-45a192b659d0,160586,E,D,2026-02-05,online
bf2285f8-d480-4966-a455-11744fd420c8,168973,E,D,2026-02-05,online
0e0d4abd-d5a3-4607-be58-cc4f40fedbc5,43264,E,D,2026-02-05,online
e7f81cf9-8196-48cb-a064-a301970d96ac,180507,E,D,2026-02-05,online
167ff35d-bb35-4311-b75a-0c1db52177b2,257212,E,D,2026-02-05,online
724e2caa-90b9-4f76-9374-7616c9f5d0c5,136472,E,D,2026-02-05,online
069e8712-9ebe-4c61-9235-65420a41eefc,123926,E,D,2026-02-05,online
7cecb405-2e6c-49d6-9183-e9c6fe61b1de,405831,E,D,2026-02-05,online
50b0df2f-d510-4510-ad7f-152044e908a6,320649,E,D,2026-02-05,online
d199146c-5849-450c-b836-4787c97a9a1e,78197,E,D,2026-02-05,online
c1dae168-5bcb-4aad-b1e2-91c21ef7a8dc,96857,E,D,2026-02-05,online
dcb498ce-a89f-4cf4-83a3-f933bf823f26,140135,E,D,2026-02-05,online
f92d4d6d-bafe-4310-9032-547fa403dcb9,334124,E,D,2026-02-05,online
faf857d9-5c63-46ff-8325-846bbbcb8afa,419392,E,D,2026-02-05,online
6b680d06-9409-4fde-957e-29f5e05814f3,93125,E,D,2026-02-05,online
437840e7-7841-48a6-82b2-19cbad2dc4a4,315498,E,D,2026-02-05,online
6bc6e35b-b496-42d4-9f3e-72fcc9121af7,387926,E,D,2026-02-05,online
a1c582ee-1b22-4a8c-9dae-1a70533c1f0b,436472,E,D,2026-02-05,online
5f65e061-3029-448c-9e78-73f41ef567be,329844,E,D,2026-02-05,online
abd0eaea-2adb-43b3-9cd9-abd5eba25939,349757,E,D,2026-02-05,online
4ce3bf9a-154b-4fd9-8602-67e5a1c0d2de,120166,E,D,2026-02-05,online
b6d6ee02-3151-4ed3-a5f7-3094af9c5553,460899,E,D,2026-02-05,online
97705d0f-4fc6-4140-97cf-1b35a0d95313,100064,E,D,2026-02-05,online
83a126e6-c826-4b95-9249-ac9fd70f596f,248681,E,D,2026-02-05,online
357b1906-e664-4ca6-9998-14d51d3c2c08,97415,E,D,2026-02-05,online
0ecfd647-f21a-4ba2-9cf2-9f779a08742b,289640,E,D,2026-02-05,online
2d6f9ee6-36d9-4faa-95c2-a93b8822c643,383471,E,D,2026-02-05,online
0871359c-31a7-4c20-b769-ddcc4f5c90e4,226754,E,D,2026-02-05,online
91b9e002-4a62-4912-a918-f3f8ae8b6772,135513,E,D,2026-02-05,online
58684e55-d9f2-4c9b-894e-2edf9c949335,228007,E,D,2026-02-05,online
93c77a54-a9b9-4789-9c62-902f61cece2b,459682,E,D,2026-02-05,online
9e71ae01-73b1-466a-b73d-29ee4b4fcc1a,63978,E,D,2026-02-05,online
a8864532-ca0e-42aa-9ea4-835fc633b4ce,208425,E,D,2026-02-05,online
d06ef440-02b0-496d-ad9a-fc60a45ee807,109326,E,D,2026-02-05,online
77869835-0ed0-4ac1-85f4-cae30d060279,325603,E,D,2026-02-05,online
068aa270-5286-4e16-9211-ec804e33c517,318397,E,D,2026-02-05,online
9590dfe7-f706-4a31-ae79-f19977134f8c,180597,E,D,2026-02-05,online
6bacdf20-5ed9-4870-998d-233190737526,334262,E,D,2026-02-05,online
7ecfac61-ace4-4d2e-b748-82c9b34d6a32,60634,E,D,2026-02-05,online
55fb70fc-d25b-477c-aa85-b0c0feb80a7b,437341,E,D,2026-02-05,online
8335ccc9-98ff-4252-b6d4-cacd9a3e7adb,92852,E,D,2026-02-05,online
ac88b574-7a82-486a-9cb4-832b01e4a609,137560,E,D,2026-02-05,online
e4a017a8-5d5b-45fc-87ea-78e0a77f741f,58715,E,D,2026-02-05,online
616b8d40-980a-4921-93d8-e0848bb386a1,207074,E,D,2026-02-05,online
8a2db05f-f8a8-4b40-80c2-f67d660caa69,360601,E,D,2026-02-05,online
f0d11761-78cf-4bb9-bcac-0c91db920d94,199901,E,D,2026-02-05,online
55308757-0d73-48d0-a1bf-448634bc058f,400767,E,D,2026-02-05,online
01837c4c-bcd8-41b6-96e2-0a0bec8af962,71782,E,D,2026-02-05,online
963bc379-bec8-4231-871a-190c93767cbc,382700,E,D,2026-02-05,online
bd22927a-8d4d-4a38-abf3-c07ce96c0fbf,346669,E,D,2026-02-05,online
61c3c29f-3b0d-40a3-b4f9-72b720e58882,47645,E,D,2026-02-05,online
cacc4ed4-6d0e-4793-8ee6-30590a4e64da,36388,E,D,2026-02-05,online
3a2c5c9e-5a55-4ac2-8a06-93d314791c9e,451243,E,D,2026-02-05,online
6da0e16b-2939-4cd7-a86c-26492678b6f2,450288,E,D,2026-02-05,online
e4391050-74ee-4880-8e1a-34919b992cdd,265520,E,D,2026-02-05,online
4371cbc2-f60b-4796-a6c5-c7d1802b36f1,294000,E,D,2026-02-05,online
04f022f5-ff5a-4ba3-a4e1-4ff086538431,437530,E,D,2026-02-05,online
b29a8b54-d135-4c9b-8c86-080c6fbb0f5c,230911,E,D,2026-02-05,online
aa67b311-2321-471d-927c-09e32f0450e6,487901,E,D,2026-02-05,online
74d9a19f-af39-4b45-90cd-41914e6638fa,410133,E,D,2026-02-05,online
fdef9dd1-8664-4cb4-bccd-99fceeed1f54,499592,E,D,2026-02-05,online
edd924e0-52f6-4135-af17-08054c278f66,430915,E,D,2026-02-05,online
fe510317-ab68-4114-af0a-e43ab3dd696d,363710,E,D,2026-02-05,online
3b97ee31-c8f0-4c1c-87db-3b3c7d1e9c39,294092,E,D,2026-02-05,online
07a7c5fd-247b-425e-a813-03cd2feb8c03,450133,E,D,2026-02-05,online
dc2d56ed-cce2-4e6b-ba45-03da741b868e,336747,E,D,2026-02-05,online
3004be00-9f8b-4f0a-a2c3-a46191346a01,448198,E,D,2026-02-05,online
8b7f61a2-5e0a-4d78-93dc-0d58893b4c0a,152900,E,D,2026-02-05,online
d5d86533-12e8-49f0-ae85-2315f32a559f,484313,E,D,2026-02-05,online
2d49a96b-1d60-48c9-8cd2-5fe30e20d4c3,18105,E,D,2026-02-05,online
46bf48f5-f984-4edf-85c4-b1e590076add,150023,E,D,2026-02-05,online
11d27b7d-ff3b-40f0-8812-fa253a80bf2a,141805,E,D,2026-02-05,online
c627146e-9323-441d-b8ad-1e9bf80422c7,217073,E,D,2026-02-05,online
d835482b-0f09-4a4c-b67b-123388f7dd75,422313,E,D,2026-02-05,online
2839d70c-caa0-4876-bf4a-4aa6b58f219c,323447,E,D,2026-02-05,online
50a5c339-142a-4bd9-9067-141ef6690a00,270091,E,D,2026-02-05,online
efa91953-5e22-4dd2-b295-7fb6cc51d24e,20922,E,D,2026-02-05,online
4fc4a179-7f7e-4960-89b3-f8fc80afbe29,203963,E,D,2026-02-05,online
d8a95198-8526-4c7a-bd4d-2b02774dfcc3,336103,E,D,2026-02-05,online
98e8a9d6-e675-4ed6-be06-3744c1d8e206,239872,E,D,2026-02-05,online
f69c63f5-6a3b-429c-b7cc-cf2aa66152ac,343864,E,D,2026-02-05,online
6c8cf2f5-9b9e-4c14-b450-989ef5057670,474167,E,D,2026-02-05,online
27eb12ef-fa1d-4e68-ab57-b8dd487e9f38,91975,E,D,2026-02-05,online
318a01f6-f5aa-4c9e-94b2-e749e68dc37c,453423,E,D,2026-02-05,online
43c2df12-5b3a-460c-a391-8493b42c7c92,267264,E,D,2026-02-05,online
a3404c7c-0984-4b68-ae5a-45e3b92fe604,165647,E,D,2026-02-05,online
550d1d10-7fb0-4320-abe8-bfa04163f4b9,392180,E,D,2026-02-05,online
e8e9a42a-22f8-4338-bca7-f1c38a92f067,112832,E,D,2026-02-05,online
d42c5177-f7e7-44d5-b5f5-c55bbe4d1939,403220,E,D,2026-02-05,online
0b0b16b7-e8fa-4765-82ac-0b8c29b45022,217790,S,L,2026-02-05,online
5b50873f-ac1e-43ae-badd-129036a97e8b,453269,S,L,2026-02-05,online
280f22ca-e9ca-4b13-bf10-792b391f0bca,140942,S,L,2026-02-05,online
72900d36-a134-4602-a0d2-1d4d0a589056,418266,S,L,2026-02-05,online
af0f2532-ad1b-47c0-b3ec-15e0be710fb7,300443,S,L,2026-02-05,online
38ba5a75-366a-4b4b-a77c-20845801b25c,358984,S,L,2026-02-05,online
d4b43874-3620-49a0-9b43-7e2ceaff76db,19710,S,L,2026-02-05,online
e28b9cb7-f3c5-4676-b3a0-87ccd2218627,366018,S,L,2026-02-05,online
00be7559-7ea2-4b4d-a405-2e9ffc4b5ded,413898,S,L,2026-02-05,online
ee647d12-6bf8-42d6-bd92-6cf9b923842d,12425,S,L,2026-02-05,online
227f0bce-fa99-46cf-97b2-067b3f2b4a6d,261603,S,L,2026-02-05,online
2cba45ba-c463-4649-bdaa-6b1f51c6559a,84348,S,L,2026-02-05,online
b5a5e54f-f46c-4d35-84c2-7e7966ba0d60,352804,S,L,2026-02-05,online
709a8875-64f6-469e-a3d4-20765f0813f2,148072,S,L,2026-02-05,online
15df8245-bde5-4562-8f4f-d0cc2e78f855,387374,S,L,2026-02-05,online
90791252-5fea-415f-a18e-f117e5ac6687,178394,S,L,2026-02-05,online
813e99ab-54aa-4d2e-a4ca-c2e32ddc9aaf,359715,S,L,2026-02-05,online
560bfcb9-04fb-4526-8768-a7d3fede0cc9,394862,S,L,2026-02-05,online
ef34cce3-a04f-40f6-89b5-46d854158ecf,451500,S,L,2026-02-05,online
6247aadc-7a5b-46ad-873e-b75c40c52d63,418317,S,L,2026-02-05,online
ccfd6887-28a4-4a23-ae01-dd6d0eee0a51,14721,S,L,2026-02-05,online
927c46bb-3d83-4fce-8b99-7c91b6237a64,482153,S,L,2026-02-05,online
5b71c087-bda4-4ea6-99c6-abf0cb82ac99,434374,S,L,2026-02-05,online
4dd982b8-5853-46ea-9f03-15ba4266505b,92753,S,L,2026-02-05,online
0e9d4603-db27-4e50-ad16-4a528edc8276,448458,S,L,2026-02-05,online
293661fc-0f5d-4173-ad25-c9920fb1a0c0,358056,S,L,2026-02-05,online
f64a8865-ae25-4b6b-aec7-3c576289899d,70440,S,L,2026-02-05,online
ec733271-9c23-498a-a8f3-fd128236fe3f,42688,S,L,2026-02-05,online
50568fd6-1a7d-41cf-bd16-9df58e6b816e,8772,S,L,2026-02-05,online
4457a119-0585-46cb-98d6-06ac58fc0500,258998,S,L,2026-02-05,online
8dfb7fb7-7ce7-4161-b572-ebae688688ff,23347,S,L,2026-02-05,online
9f37b2d4-e894-4c50-b699-a14a0c5c8e33,96697,S,L,2026-02-05,online
b8f31059-8039-4cdf-b1fd-2e8de6fa31dc,326952,S,L,2026-02-05,online
85361c21-e269-4342-9e33-0662872bbf96,248239,S,L,2026-02-05,online
7a681342-a2b8-4ab0-aca7-9a5501698d2d,230476,S,L,2026-02-05,online
ce338d2d-3007-448b-9c49-0d36711f126c,64570,S,L,2026-02-05,online
087d60ee-25f5-4958-af39-d3e707c46a85,22692,S,L,2026-02-05,online
bacdb1f2-e5ab-459c-aae3-3bda73c6e9a2,496592,S,L,2026-02-05,online
8e1e19ba-e05a-4868-bac4-8b9f476bad45,255083,S,L,2026-02-05,online
f04e7ea2-394f-4730-9915-087195e27b31,77541,S,L,2026-02-05,online
d770b959-f7a1-4cdb-98f2-204d563a1d90,131333,S,L,2026-02-05,online
0d04ce2b-e6ce-492b-9bdc-87737e1e3c57,15099,S,L,2026-02-05,online
aab8fbf5-331e-4427-8f55-68cc36869154,52147,S,L,2026-02-05,online
6b2cd1a7-8ba8-4e18-b4cc-01c9ff7c58d4,157488,S,L,2026-02-05,online
705fa76a-3ea1-4552-8ddb-abd694133b5d,327359,S,L,2026-02-05,online
7d5cfe1f-2ccd-44e1-9b3e-6bb596c87549,172182,S,L,2026-02-05,online
edb0c0de-5156-4830-abf9-70b911316396,33493,S,L,2026-02-05,online
edec44b8-544b-4438-a77d-700095ef1ba7,367558,S,L,2026-02-05,online
005f796a-924f-4925-8d05-af6f06f33bfe,307017,S,L,2026-02-05,online
ee1f1c41-b50d-4b13-82c8-3ea29dc90509,218399,S,L,2026-02-05,online
9fdae201-aef7-412e-8161-c4a8083b29f0,247270,S,L,2026-02-05,online
feb00d98-0afb-4cca-a32b-913748301388,303,S,L,2026-02-05,online
98955109-c939-4017-9cf7-e30790fc0fc2,235766,S,L,2026-02-05,online
23bda078-34ee-4d94-b31d-b7aa9cd6840a,366127,S,L,2026-02-05,online
74473ebe-a31e-4255-b5e5-bd08013ff2b6,422183,S,L,2026-02-05,online
900798cc-16f5-481e-806e-82306d1395da,423045,S,L,2026-02-05,online
f124ed90-66d0-4ac4-9bb3-e71c02ec6252,80145,S,L,2026-02-05,online
6ff21b1d-fbf4-4489-83d1-e199c0fd065e,434747,S,L,2026-02-05,online
78c477bd-fcb6-4f41-91ec-b92905a4da36,398115,S,L,2026-02-05,online
2113bcf3-4322-4947-bae7-1d22b74eda3d,170201,S,L,2026-02-05,online
05da517d-7e31-4fb3-aab8-3f19e2c3aa11,324191,S,L,2026-02-05,online
202dc882-9de6-4966-829b-2421e2d34008,114010,S,L,2026-02-05,online
67d28038-34bb-4962-8019-b2a73def5257,159734,S,L,2026-02-05,online
eb912306-96ad-4d25-9ddf-f953198e8714,430681,S,L,2026-02-05,online
b5add8fa-361f-4176-9a1e-ef5acd31fa82,469317,S,L,2026-02-05,online
6de3fbad-a3b7-43b5-b0ac-3628ef47e857,284079,S,L,2026-02-05,online
16d52d75-d573-49c5-9e4f-5eecf108c107,99557,S,L,2026-02-05,online
30a9fd4f-3909-4b8e-a048-fca7d7988049,1168,S,L,2026-02-05,online
2189bc3e-2061-4fa2-80fc-4617f4097d1a,49577,S,L,2026-02-05,online
82e8a75d-f7e3-4292-baa4-3842926817fe,494370,S,L,2026-02-05,online
a9ce9ddb-cf38-4130-ad86-765515273e63,286702,S,L,2026-02-05,online
6afc7cae-63be-4259-a2b8-d43b623f0132,476965,S,L,2026-02-05,online
7f1688cc-1084-402d-960b-97437cc37482,177571,S,L,2026-02-05,online
97362f15-649c-43e7-984a-c68a0f423f14,64650,S,L,2026-02-05,online
f97890de-a3bc-4fe8-9a56-aebfc9ba16d0,454057,S,L,2026-02-05,online
cde8f2a1-846f-4845-97e2-11c608ef1256,444143,S,L,2026-02-05,online
644d1ce4-a8fd-4bde-90e2-e10ea6e8a64f,352489,S,L,2026-02-05,online
1d7c9324-95d7-4060-85c1-49c02d530fb7,342683,S,L,2026-02-05,online
31d78080-f128-4611-9fe1-e63908e25170,490119,S,L,2026-02-05,online
904cf628-6f65-478c-b932-6f290dbb6106,498618,S,L,2026-02-05,online
2fb0ee0f-1981-4eed-bd83-31274b991a9e,438140,S,L,2026-02-05,online
04c84c42-085c-447f-88ae-8972ff3724ef,122707,S,L,2026-02-05,online
cad8a945-ddac-43d4-afa0-19ecd6c37f6d,380814,S,L,2026-02-05,online
6f94a513-9242-4b4e-a9c7-2953bf91edc8,151331,S,L,2026-02-05,online
a90cf933-2955-492d-b9a9-758ed40c1bc5,164690,S,L,2026-02-05,online
4005c127-60cc-4243-a942-f392a6a1e5ab,427532,S,L,2026-02-05,online
c1c636e6-ff82-4bd0-8e75-d2c8c057a7db,25029,S,L,2026-02-05,online
3535d05f-ae95-4f43-b436-a3d061478973,231510,S,L,2026-02-05,online
c856e5be-3d85-4266-ba11-ea04cfcd6a75,40194,S,L,2026-02-05,online
92a3e46c-7bb5-4db4-b530-106d98fd564e,385576,S,L,2026-02-05,online
30b6bdd5-4bdc-461f-a2fc-f2ea96948a2b,356291,S,L,2026-02-05,online
11d5efc1-72dc-4761-b231-af71fb321734,489199,S,L,2026-02-05,online
6051b71a-f336-4048-88f3-e994d3c9c84e,399896,S,L,2026-02-05,online
79fc6f1a-e874-4844-ac52-6ddc364c5c3e,390888,S,L,2026-02-05,online
db7ae597-da8e-4d85-b96e-a09a16cf77c9,45396,S,L,2026-02-05,online
7105f9f0-12b5-428a-b481-81a1498f4327,225210,S,L,2026-02-05,online
de46b0b6-a06d-40e9-ba1b-00eddd83e311,387555,S,L,2026-02-05,online
fb1b7278-2ee4-49a5-a920-ba493d6b2f42,31692,S,L,2026-02-05,online
4fcff7e5-b967-43f8-9525-64a646ea798c,10043,S,L,2026-02-05,online
60f8333e-5992-45c1-9a6d-68a667ed231d,217748,S,L,2026-02-05,online
0ab629ec-bfe3-4262-bc68-d79d5303316f,466435,S,L,2026-02-05,online
f021e3fc-3d10-4429-a295-b52ec7ab7ab0,256233,S,L,2026-02-05,online
a9e3e68b-70c8-46c5-bfba-a868ce79216d,387081,S,L,2026-02-05,online
35922d08-433d-411b-a869-a62cb5f0ba28,293330,S,L,2026-02-05,online
fa28f109-bb39-4157-aca0-9f648152cde7,27545,S,L,2026-02-05,online
436dcf91-b25c-4d19-a6b6-16178467306c,87954,S,L,2026-02-05,online
153c7582-9048-4091-af47-dd075a08d17e,173884,S,L,2026-02-05,online
61409660-db12-49cf-83e7-33f3f6e561a6,154653,S,L,2026-02-05,online
cde48b5c-010f-4815-aa6c-56ed6dc37b6d,45474,S,L,2026-02-05,online
bee4660f-93b0-4cc5-b71a-d68c8fbef30b,68542,S,L,2026-02-05,online
83cdae96-2518-4c1b-be58-3247d3de8cf1,401365,S,L,2026-02-05,online
9b994129-3fc5-4309-8913-e9f03fa19b80,138368,S,L,2026-02-05,online
913efffc-2b28-4d13-940e-76ef74b6c1df,426772,S,L,2026-02-05,online
0ed53876-ec38-4d89-bfd1-11ae2f55107f,5093,S,L,2026-02-05,online
ee46d4f0-6d00-4399-a8bf-ee6d59023e85,324967,S,L,2026-02-05,online
5af7588d-9fa3-470f-9130-6fc4fd66d421,58522,S,L,2026-02-05,online
eb96d646-0bb0-489c-b529-e0ebdb43b388,420761,S,L,2026-02-05,online
d8900bde-c8f6-4895-aabf-c573d72ccb7f,452253,S,L,2026-02-05,online
8621d08c-b48b-453b-b71c-88de6f5bb301,300832,S,L,2026-02-05,online
f1bc2b2c-3564-48de-8e98-e6b56d05f417,391782,S,L,2026-02-05,online
6a2bf052-83ce-4a50-bbed-45b678013082,66503,S,L,2026-02-05,online
11c73717-dbe4-4b38-9b06-89a602d74589,228304,S,L,2026-02-05,online
666d12e1-7d77-474b-90e2-be65ca2e7226,443263,S,L,2026-02-05,online
2ad9f8a8-1c49-4c4f-890d-84671c337620,421954,S,L,2026-02-05,online
6ca01384-bbd9-4760-86b7-239395cf030e,154309,S,L,2026-02-05,online
3aaa45fa-c0dd-4f41-97ed-701d88224116,263989,S,L,2026-02-05,online
dc89c4cb-ff1a-4a12-b05f-85acd3bf07b8,174247,S,L,2026-02-05,online
51cbd7ae-ef99-4e6b-9489-aef9b366e171,294290,S,L,2026-02-05,online
7b649980-a983-4582-921c-dc6586dfaf2f,259587,S,L,2026-02-05,online
019cf50e-4ff8-4cf3-bdf0-27f3cd93ad41,485143,S,L,2026-02-05,online
3cbcbdd9-c769-4c38-ba7d-23a2cc5cd9e6,16309,S,L,2026-02-05,online
6eede3a4-c6d7-4793-a53b-b01c9007387d,452017,S,L,2026-02-05,online
790ac328-2e7a-4f32-b451-7e4244f0feb1,425630,S,L,2026-02-05,online
1880f629-8735-4e98-80c0-015679ba0933,376502,S,L,2026-02-05,online
446ce9fb-68c4-479b-8cf2-553ba5b5e97f,406624,S,L,2026-02-05,online
811e847e-a9a9-44a9-a9f5-a65c354be8bf,490527,S,L,2026-02-05,online
22694d62-7a48-49e8-b2af-fa324a86a507,453107,S,L,2026-02-05,online
4d38fd7c-0950-4d1f-90c5-b6fc6dca064e,458265,S,L,2026-02-05,online
bc559d65-bddb-49cc-950a-4bd8dfeab763,186386,S,L,2026-02-05,online
670192ce-9f5e-4647-ba1a-831cb17302d1,99170,S,L,2026-02-05,online
1e7bebfd-dbc6-48b0-8922-4e7018a12dba,310249,S,L,2026-02-05,online
75e6e36c-33fe-46a5-83a4-cf033604f25c,324111,S,L,2026-02-05,online
34c7738c-6c37-4f6e-bb44-8432f1dff096,321829,S,L,2026-02-05,online
9b9be584-d000-43f9-9818-d116eed85faf,185536,S,L,2026-02-05,online
fe882701-d864-45da-b1df-f37a2fe74162,320858,S,L,2026-02-05,online
370ad249-01ae-4c27-9057-45928a26cd9d,421724,S,L,2026-02-05,online
98c63938-17d4-4f47-a364-7d646f41848c,239783,S,L,2026-02-05,online
ba7c474e-8808-4cf2-a14f-7e5e9952bf98,11054,S,L,2026-02-05,online
adb397c9-c58e-4ae9-8c00-d6ac61c69ce6,1182,S,L,2026-02-05,online
2284e328-7da7-4c12-836c-5b630789dfc4,265406,S,L,2026-02-05,online
88ebdfe3-4484-456a-9022-d1f5bd261cb2,469333,S,L,2026-02-05,online
e30fa913-bcc5-4294-9796-7c477cd370c2,214494,S,L,2026-02-05,online
d6876d82-0d97-4078-ae8b-645f85e0518e,234614,S,L,2026-02-05,online
78d15722-bc69-4026-bba6-91c9c8a15f73,490555,S,L,2026-02-05,online
f25ec7e3-9a74-4d6d-8280-228635eb1126,13722,S,L,2026-02-05,online
f2f0ab12-34c6-4066-9d29-39d87dc1e09a,251107,S,L,2026-02-05,online
827d84ce-511a-418b-9e8c-b2711b667611,59326,S,L,2026-02-05,online
d357ecf3-5750-4655-8a35-b57565de71af,296048,S,L,2026-02-05,online
5d777a4d-0c81-46ed-9890-50471928605e,453918,S,L,2026-02-05,online
33cb337f-e99d-4e6f-88c4-617f8b9eee73,465266,S,L,2026-02-05,online
9bb60e91-bbfb-463d-a89c-476c01464bdb,79367,S,L,2026-02-05,online
49b2ff35-b0cf-45f2-8857-52494eec785b,210454,S,L,2026-02-05,online
14efc037-1ac1-4cda-827b-faefafe63d5d,293635,S,L,2026-02-05,online
d5ce59dd-755c-4c1e-bd42-8ddbb911626a,471220,S,L,2026-02-05,online
dd493fb5-f800-4a30-8a72-edfc82702c34,369911,S,L,2026-02-05,online
a425c9bb-ac6a-412f-9e17-5993c65b68ce,336459,S,L,2026-02-05,online
32a098af-375a-4778-8e72-b206f3abe06c,346028,S,L,2026-02-05,online
3bd07233-a3f5-4504-8e7a-f5c33f245a6c,350708,S,L,2026-02-05,online
7697f7f6-bff0-4cdb-b471-1ad7c1c4fe5f,99782,S,L,2026-02-05,online
aa359058-993c-47fc-b9d7-8308d5bb5dbf,385077,S,L,2026-02-05,online
e034a320-1b9f-454d-819d-6d6d9b8ce31f,463159,S,L,2026-02-05,online
a3ebccae-768e-4730-9f67-94f34d5067a6,43571,S,L,2026-02-05,online
153c3aad-d569-4aab-8be1-3d2c24888629,360269,S,L,2026-02-05,online
897f9fb8-7466-4144-9b19-a16e8e50ea27,399287,S,L,2026-02-05,online
c04594d3-1d7b-4a95-87ea-9d1f05955147,88739,S,L,2026-02-05,online
6b962338-6633-427b-877a-d89bfa87476e,100304,S,L,2026-02-05,online
e81e34ac-6c5f-4403-ab34-71672bb584bc,2540,S,L,2026-02-05,online
58b25055-f30c-456c-a640-2f78978263f9,455447,S,L,2026-02-05,online
d23880a2-53e2-48ee-85ce-80f8a96df992,395199,S,L,2026-02-05,online
35d18fd0-8dcb-4937-a608-aed1890a13bb,207300,S,L,2026-02-05,online
b56d3c7a-fd21-4367-9e5b-c1ff9010675c,149451,S,L,2026-02-05,online
9f102c81-b670-4c81-8846-9caae7ada4e9,16880,S,L,2026-02-05,online
d8607350-94df-40e7-ad3f-5f6cc41dd98c,250069,S,L,2026-02-05,online
3f73d868-e1ff-4942-878a-73b0815d745a,245926,S,L,2026-02-05,online
386c5de2-2116-447c-8428-2d2d33b3ba52,223643,S,L,2026-02-05,online
b46dd3f7-7698-466d-9284-1aef0bdcba87,212297,S,L,2026-02-05,online
af9d3e5f-57cc-4d2d-a10e-324117daeb9e,379685,S,L,2026-02-05,online
5eabe930-9d47-418c-a6d4-a3c6e9870199,281386,S,L,2026-02-05,online
587c1331-dbf3-4a43-a29b-d7b4578ed467,376059,S,L,2026-02-05,online
9763f6aa-3b26-4193-a87e-00652ed163d4,118732,S,L,2026-02-05,online
5d87c9ea-99d7-48e7-9ad8-4664f62fbb93,57807,S,L,2026-02-05,online
c12e6bb9-1d80-4653-ac28-bc1f34cc5318,482641,S,L,2026-02-05,online
3eeaa669-4d62-40bb-8f18-04b26ab5030d,334,S,L,2026-02-05,online
f93a8ba2-6028-4704-86a0-1d1f5e1ebe3b,177408,S,L,2026-02-05,online
29b21e80-ca8d-4d33-baaf-981022aa6148,149821,S,L,2026-02-05,online
29f9d337-9cc3-4900-b0ee-8657cc3227db,402603,S,L,2026-02-05,online
436da12c-5cbe-4413-9eea-9da83a2cb4e2,3675,S,L,2026-02-05,online
4e4f4ded-ea6d-4b49-b7f0-9d26d2bca967,103055,S,L,2026-02-05,online
570762e4-8157-4d48-9b32-cf639083fda7,450932,S,L,2026-02-05,online
2546ef79-6ca7-4fe4-8e68-49614b542550,406317,S,L,2026-02-05,online
61599528-519f-44aa-87f8-e0b5dc72019a,134176,S,L,2026-02-05,online
416e2357-e2d3-4bcc-8dab-988fb818e1bf,90567,S,L,2026-02-05,online
fbbef19b-7a11-46c1-a2f1-a4f50f972dab,298602,S,L,2026-02-05,online
94ad474a-b492-4870-804a-7c945670a629,191966,S,L,2026-02-05,online
a7eab928-da5d-4544-90b4-782f6bd27448,186724,S,L,2026-02-05,online
829ffd7c-8ff5-407c-b75b-9038d34775e8,360029,S,L,2026-02-05,online
8ed13b98-8979-4d4a-99d6-7f74e4303ac0,218204,S,L,2026-02-05,online
e2ffe9e8-7983-4be1-a999-666debd6eb17,192080,S,L,2026-02-05,online
739311f6-7793-428f-b235-513da2f12775,108030,S,L,2026-02-05,online
f02ab0c4-a867-4800-90ac-77b7adcd62b6,8383,S,L,2026-02-05,online
d81ac308-a3d7-4fec-8219-865caf52fb97,162321,S,L,2026-02-05,online
c572e1f4-ba36-4332-b186-fd396ab8c0c5,363185,S,L,2026-02-05,online
e3ad8132-cceb-4d1d-b6dc-25a1b9d02100,418415,S,L,2026-02-05,online
b91879ac-f6cc-40ae-9b07-aa41e5c22f50,33811,S,L,2026-02-05,online
0821ae76-1678-4393-a6ae-06252a39bd7b,140733,S,L,2026-02-05,online
603634e0-832c-4792-ba7b-c323835f2ffd,98474,S,L,2026-02-05,online
4e5e0291-0a10-456b-87c3-fbb41fc83503,459146,S,L,2026-02-05,online
15b78306-8d77-48fb-b1fb-31ec82524f39,282641,S,L,2026-02-05,online
e0ceaf54-52ec-4377-98b2-f29fe05d529f,95356,S,L,2026-02-05,online
94d65a6d-5ae0-4530-a8e9-c2e751ae16a5,322286,S,L,2026-02-05,online
6c473cfb-1a0d-4df1-91b9-be5ed333cb59,214006,S,L,2026-02-05,online
ed20d2fb-669c-4a8d-8ba6-ef7f0f70cbab,388285,S,L,2026-02-05,online
16149a4c-3261-4075-a435-8cad88a9c9f6,175714,S,L,2026-02-05,online
0fb8eb57-55b3-442d-a52d-8cd06246f8b6,121191,S,L,2026-02-05,online
f88aa53d-44c5-4376-8496-be6b98523ed9,443647,S,L,2026-02-05,online
685e1d08-1609-43c3-a6ae-bcde260dc8da,285567,S,L,2026-02-05,online
a8faecb2-4e37-496a-8a66-909985bd69da,293328,S,L,2026-02-05,online
034292e6-92c8-484c-8103-1644a57de413,384261,S,L,2026-02-05,online
3cb51a4d-e8a7-4274-9bc3-f14aa8e928e6,307642,S,L,2026-02-05,online
1e2287e1-ef1c-4792-a576-a1a53de0581d,102120,S,L,2026-02-05,online
bc547689-9096-4365-bb4d-043cedde8da9,8571,S,L,2026-02-05,online
d0c18ce2-3205-4adb-848a-c252e17e0590,299795,S,L,2026-02-05,online
8ffc10f3-a84b-42d4-8870-2a7efc942556,212233,S,L,2026-02-05,online
c51538b8-d1a7-4d97-a2f2-0e37b49bd2cb,130642,S,L,2026-02-05,online
68bff270-afa8-4ff0-acce-21aaab4cacbb,206933,S,L,2026-02-05,online
ebb5bb96-eba4-49df-bd40-9bfaeaabc294,255654,S,L,2026-02-05,online
5085c160-5c62-4ca4-a454-9cb4dd69f175,337950,S,L,2026-02-05,online
87732e39-16d3-4f30-8499-9245c446919c,336383,S,L,2026-02-05,online
97464a5d-4cd5-4bb4-97e2-9e2dd8ca1b7f,311931,S,L,2026-02-05,online
a1fd1690-d231-444d-9b31-21b50f4c5f08,169829,S,L,2026-02-05,online
2b5d0613-c708-41c7-9ffe-1a021d982748,89226,S,L,2026-02-05,online
0eefbb1b-2708-4019-99af-896b645179a7,235751,S,L,2026-02-05,online
f7ccaaaa-56b2-49e4-94dc-a0b1d704a89a,386962,S,L,2026-02-05,online
e0c6d1de-aace-4fd3-a91d-36dccf89a48d,366451,S,L,2026-02-05,online
ba012883-8ca5-4b13-b754-7ca38b505f7f,23878,S,L,2026-02-05,online
d650bd82-c709-459c-a724-c6cc73b79a44,482461,S,L,2026-02-05,online
012aa933-3c89-4b89-84e8-032135a65000,178225,S,L,2026-02-05,online
2d5b2631-0dfc-4121-8d10-6b166b90a190,264354,S,L,2026-02-05,online
2e06b158-6c66-44e2-afdf-26878732ac64,200919,S,L,2026-02-05,online
34f34f81-67c9-4362-956d-ef705c31280a,9387,S,L,2026-02-05,online
0cce478f-a30e-456f-91b4-b4ab7dfd3c01,286734,S,L,2026-02-05,online
75b6fd6c-da8c-4253-a04c-c2b32d956e62,130382,S,L,2026-02-05,online
0bc15958-0133-4311-89d0-75e70c6ac4ee,224634,S,L,2026-02-05,online
31180f8c-ae96-4c23-8c2e-0c03b1106817,57539,S,L,2026-02-05,online
dce236bd-3545-4b18-99cf-a54c7e674353,360885,S,L,2026-02-05,online
6b1ae0d6-9a87-4327-831c-992fc345f064,430770,S,L,2026-02-05,online
652b16d0-0449-4189-898e-6590cb1db946,230233,S,L,2026-02-05,online
e3a77066-3fb6-4562-ae0e-7e0c7d2f5ef3,304170,S,L,2026-02-05,online
f4063885-cea7-499e-a3a0-70f1ae977fa1,254751,S,L,2026-02-05,online
012abc2d-657a-4e0b-9027-08a3bdb18400,82878,S,L,2026-02-05,online
90a0e0ac-ec39-4fa5-8e4d-e42025d4e470,139069,S,L,2026-02-05,online
b00d979a-6a3a-43b3-83aa-8186a13f15d7,77545,S,L,2026-02-05,online
02f6fe25-ef2d-4d10-916f-ed1cee3dcfe1,368677,S,L,2026-02-05,online
418c6a9e-7c21-48c2-8d76-0c879e1e88ea,26393,S,L,2026-02-05,online
0fc9b8a2-0a1d-4e1e-abed-9f84853c249d,211425,S,L,2026-02-05,online
6290c8e0-8b3e-483a-a909-0b5e37c3da85,358330,S,L,2026-02-05,online
221030e5-a953-4abb-ae84-fc6083e25a83,292481,S,L,2026-02-05,online
7648018d-bf98-4ba0-912b-e2be8b5f9c13,444702,S,L,2026-02-05,online
cb3ccd88-38ef-4f03-82b2-a6ddb7e25936,7883,S,L,2026-02-05,online
5cbd2753-0dbd-42ef-a469-c6c4d241ee56,303069,S,L,2026-02-05,online
81a34cb9-9aeb-483b-89a5-405c6ed7764e,33405,S,L,2026-02-05,online
63c76bc9-7809-46a4-806e-5e990e3624d9,252507,S,L,2026-02-05,online
b0a697af-2d2c-4b59-9461-19b956108fd8,318464,S,L,2026-02-05,online
c40126b4-4443-4579-b207-d766cbd9fe95,411973,S,L,2026-02-05,online
ca2cd82c-8420-453b-b12d-ceb5d72679a8,377067,S,L,2026-02-05,online
a4de1661-61ca-4066-91e8-77a8c3989b18,24557,S,L,2026-02-05,online
7e737565-eff2-40bd-99cf-086ae3dec371,81993,S,L,2026-02-05,online
8afefc1f-65ee-457e-9782-5e582f1f3dc6,67798,S,L,2026-02-05,online
7c1300e3-8001-447f-956a-c0bc69eb0a0f,444244,S,L,2026-02-05,online
51ea75b3-dd9c-4ced-ab01-df327c2eb1bc,123530,S,L,2026-02-05,online
30035ee9-bde3-4987-8271-e29e5a9d8623,253596,S,L,2026-02-05,online
c33cd4d8-e7f6-40bc-bf81-b313706bb625,272707,S,L,2026-02-05,online
571de0ab-4f27-4095-a677-d9f68b82ec7d,164180,S,L,2026-02-05,online
fc548358-f083-404a-9dbf-2d2314be7baa,260846,S,L,2026-02-05,online
c70fa4b9-d25d-4d00-8b93-ea82e6b7f3c1,416701,S,L,2026-02-05,online
8d4c5028-048a-4426-8423-fb184faa2f26,412020,S,L,2026-02-05,online
782ce542-7968-401b-bc1e-b7f1e7da41e1,38109,S,L,2026-02-05,online
bf1a10a3-a341-4030-97af-88f290d6ee17,491761,S,L,2026-02-05,online
c25ed955-aa38-4bfb-bded-3fc05df8052e,227447,S,L,2026-02-05,online
25d64469-7408-4a95-93a1-d250ac18cdad,174967,S,L,2026-02-05,online
cb40b9ad-5edf-4eb5-a5bb-0344c311bf6b,2629,S,L,2026-02-05,online
073b4070-717d-4955-92f0-24506135ea8c,61055,S,L,2026-02-05,online
71b6d7e7-95f3-48b9-9f00-d5676779446e,288659,S,L,2026-02-05,online
b58d42d7-e316-41ea-94c4-fe8021390fa8,60682,S,L,2026-02-05,online
8df36e81-28b1-4d58-bf23-08f2d5f71263,109481,S,L,2026-02-05,online
602a1b91-c51c-4f52-b484-5b40b0cc9f86,44900,S,L,2026-02-05,online
272b9dba-2062-44f4-8e0d-5ff5cdd6912a,149391,S,L,2026-02-05,online
55c02178-e1c1-4ab2-a820-a3ec5e57d25c,264007,S,L,2026-02-05,online
8594b57b-b2bf-4990-84e5-e944817fd0f5,220985,S,L,2026-02-05,online
29faded9-8ba5-442a-b166-f076c1118d2f,14653,S,L,2026-02-05,online
1b7c3596-848c-45a0-8388-18f067464fd3,359233,S,L,2026-02-05,online
5431612f-0da5-42ea-b467-76a36de98386,427643,S,L,2026-02-05,online
d097ea5c-c2a2-4818-adc8-b7a288f92132,268133,S,L,2026-02-05,online
6856065b-9e71-4378-a3fb-1a20db3fc3d9,227624,S,L,2026-02-05,online
8fa9da22-aa0d-4cb9-91a6-b79c7478c6bd,2781,S,L,2026-02-05,online
fb004db7-a2ac-412b-b9c1-82b0a12293fa,452034,S,L,2026-02-05,online
619f6254-e2b4-461a-950f-b784893e1cc0,455092,S,L,2026-02-05,online
09393160-66ac-4b35-b632-ec6221e66466,193077,S,L,2026-02-05,online
20c6979e-3833-4db1-9816-999e85ee442a,487031,S,L,2026-02-05,online
ede37d1e-ebda-4c6b-b1fb-962c77abb2ac,384198,S,L,2026-02-05,online
5d41816f-45af-48b7-a684-15b5d81b258c,431771,S,L,2026-02-05,online
d35932ba-3227-4ac0-9e6b-6cb7deef2422,85806,S,L,2026-02-05,online
b3cc7bdc-a252-4506-842b-42e8cb8b8b95,139451,S,L,2026-02-05,online
fa2efaf1-fcde-4a40-9973-37db37c9534e,348094,S,L,2026-02-05,online
64ef7e16-a788-4beb-a645-44f7e3c98f6d,65770,S,L,2026-02-05,online
090fdd6e-2652-4aa0-b07d-b7507c048921,278407,D,M,2026-02-05,online
c0dbf46d-3c4c-48b6-9683-d00326fe6f19,83788,D,M,2026-02-05,online
15ddbe5f-313b-4b60-8b6a-c8033b3f5077,446205,D,M,2026-02-05,online
17fd8a6e-85ff-42dc-88bf-531b61fbbbca,152510,D,M,2026-02-05,online
fe414983-1522-493e-aa0e-c7bc4035eaaa,82613,D,M,2026-02-05,online
c77fc677-c96e-45af-a9e7-f0324909ffaf,481973,D,M,2026-02-05,online
4d126c75-9519-4131-bb47-e3e1732ae8c3,499112,D,M,2026-02-05,online
664fadee-cef3-40f7-8cff-f206d1ef5d76,377570,D,M,2026-02-05,online
dbe64998-5a43-485a-aee8-4c113ce693e9,271472,D,M,2026-02-05,online
cc47bdd8-7e8f-4150-835a-a460200885e4,146056,D,M,2026-02-05,online
6250ee09-dc98-440a-bff0-d76cb75540b2,312124,D,M,2026-02-05,online
677dd561-baa4-4633-a896-82fa1e93e83f,406383,D,M,2026-02-05,online
78bd6ba4-ab67-4b7a-b395-445f0c382ca9,426458,D,M,2026-02-05,online
4a4b13c4-168f-4ffb-a15b-a2ba3b298f51,375474,D,M,2026-02-05,online
82453786-7c26-48e4-ab42-e7a5db38e11a,425526,D,M,2026-02-05,online
0c2894ad-968c-49ae-9101-fb66430ce2b8,34832,D,M,2026-02-05,online
07e6734c-403e-40d9-a108-007c33f3857e,392088,D,M,2026-02-05,online
6c57e404-1fe6-403f-992b-b961c5e1aedd,353817,D,M,2026-02-05,online
21aac713-65a5-4a32-8838-43665cc91740,487091,D,M,2026-02-05,online
3ee1875e-0559-40b0-bf1a-0533d354439f,330498,D,M,2026-02-05,online
adb99372-cfe3-43fa-b42d-4fda4c95fe3d,215911,D,M,2026-02-05,online
a54184c8-684a-4194-8178-33f834559d50,156032,D,M,2026-02-05,online
aa92bee9-5043-417e-82f0-41730e0be256,87276,D,M,2026-02-05,online
bdba67d4-424c-4409-ada1-7abfd4170ad8,34865,D,M,2026-02-05,online
5678c48c-2cf9-4e7f-823c-ff45fcb55c18,166988,D,M,2026-02-05,online
c73bbd29-7f79-48d1-bed7-45cf4cd920b8,242155,D,M,2026-02-05,online
94b02fc6-6866-413a-9317-7d666bcf79bf,414300,D,M,2026-02-05,online
028ae585-c4ec-4458-b303-c91b443651ea,59111,D,M,2026-02-05,online
048d0b71-2c18-49b6-b313-6555805068f2,466199,D,M,2026-02-05,online
93f2de48-08fc-452b-8c31-fdc5e8282871,267670,D,M,2026-02-05,online
14e0b8bf-02e9-4870-8188-af971101b5a1,147125,D,M,2026-02-05,online
aa974511-06c0-4585-ac09-761e70dfb1a1,79049,D,M,2026-02-05,online
4de185c2-d3a9-49fa-a956-1a5768b729f0,239280,D,M,2026-02-05,online
26308987-61f6-4012-9a4b-5ed180e6286b,40949,D,M,2026-02-05,online
625e8852-a372-400a-9868-9719bc96ecbc,64196,D,M,2026-02-05,online
0c18a0e9-be05-4f98-a95d-b5340ec8ae2f,329034,D,M,2026-02-05,online
92f6d3e0-37b8-4dd0-9e59-1cea6d14e66c,274413,D,M,2026-02-05,online
b7d0e9cf-e566-4bc0-ba32-eb56dce65411,484283,D,M,2026-02-05,online
17025623-bb18-4469-9601-bb75e16a42db,333292,D,M,2026-02-05,online
c285d8f4-8ad6-45b1-b733-2acc35e6fcbc,21435,D,M,2026-02-05,online
074cdd63-31f7-4b76-b6e3-acae19250f21,461497,D,M,2026-02-05,online
50e98c41-c7c2-493f-8fea-b7138271c556,212685,D,M,2026-02-05,online
a7e747b0-8102-4c9c-bfcd-59d864d78ba0,318074,D,M,2026-02-05,online
a4740d8d-1a09-490a-b711-5c89ba8638a1,197134,D,M,2026-02-05,online
a9be48ef-04cc-4bb2-88eb-df499a616083,22173,D,M,2026-02-05,online
02df2b4c-4007-4ce5-a506-d4d2abdf95f3,498032,D,M,2026-02-05,online
47a1fdc7-825e-4400-a9f1-e034595e3487,231769,D,M,2026-02-05,online
50d0a613-0190-4c99-978d-12997b781f0e,114113,D,M,2026-02-05,online
2e8cacb9-a6b9-4875-b6d8-4937a3744902,261275,D,M,2026-02-05,online
d7cbf1a4-12bd-41e0-bd48-7f19f741c2b6,243051,D,M,2026-02-05,online
5b2e6708-ad66-43bb-ab6d-57394b1ccbac,247565,D,M,2026-02-05,online
ab764404-fcb3-4a85-a806-54b418b8ef52,428532,D,M,2026-02-05,online
0f76890e-0da8-4978-8cc1-2e002519c967,248383,D,M,2026-02-05,online
3b45865e-16a7-48e5-84a1-cbb68c4827ed,133937,D,M,2026-02-05,online
bada81f6-0d23-46de-b652-523eba7bca07,482494,D,M,2026-02-05,online
35eacea8-377e-4815-ac06-a1755b106fd8,106833,D,M,2026-02-05,online
6c96c39f-f782-4c86-b65e-f4688c74f692,113776,D,M,2026-02-05,online
a99f8168-30cc-41b7-b667-3a19b7f0eca9,178234,D,M,2026-02-05,online
ab3b8a02-e1b5-4a18-a817-bec08a462b10,288267,D,M,2026-02-05,online
ba224998-bc9a-479e-8391-7e41a0041406,88816,D,M,2026-02-05,online
91ddb4bf-d219-49fe-baac-769024373d3a,347475,D,M,2026-02-05,online
0d5883c3-ebaa-47a1-81b7-e845517f6ef4,41049,D,M,2026-02-05,online
61bfca30-38b6-4e88-ba44-81cbb7b653f7,223861,D,M,2026-02-05,online
dfce6702-02ce-43ab-99fe-13638a7cabe7,72446,D,M,2026-02-05,online
09c889e1-e39f-46a5-8278-18a7856c2764,70107,D,M,2026-02-05,online
63398c24-3157-4184-8a58-b5214233fe74,14150,D,M,2026-02-05,online
3d070372-0c5b-43a2-826d-ea065d93da8e,179176,D,M,2026-02-05,online
93d0a5de-66cb-4abb-8753-ed40d770a2fc,384091,D,M,2026-02-05,online
c0fad1c8-2d62-4e28-9012-8957c2f36bab,443570,D,M,2026-02-05,online
e250af40-4dd4-478d-9861-2c8b32a257a3,139513,D,M,2026-02-05,online
1b45e2fd-1f67-4f0b-a33c-afdea4fc4d9e,444027,D,M,2026-02-05,online
881df9c8-0042-4e7a-9dca-aa3d5079427b,108456,D,M,2026-02-05,online
e07367d7-d9a6-4f01-9940-32caede811b3,427800,D,M,2026-02-05,online
dd0174bb-94d0-41e6-8c88-dfdcff7132ff,218864,D,M,2026-02-05,online
1e824a6a-22f2-4004-ac77-f02871d1db0b,189372,D,M,2026-02-05,online
35c3c9b8-d7cf-4f16-ae1c-bc8b1bc99d99,319341,D,M,2026-02-05,online
00c4c8c5-21d2-44a8-86b6-21c192c80737,253086,D,M,2026-02-05,online
5cddbc6e-8e1d-45d0-ae12-779524ff2b56,218062,D,M,2026-02-05,online
e0245f0e-689d-46fc-ae11-8302672cb177,375998,D,M,2026-02-05,online
55461c79-aea0-48f9-b1eb-bbb0403f8d21,201362,D,M,2026-02-05,online
3d1b5905-a92d-4ca9-9a56-3a248e8b8ca2,170861,D,M,2026-02-05,online
c77eeef9-efe4-4d35-a87c-20478f7b0d74,348071,D,M,2026-02-05,online
4b404410-edd1-4140-aad7-ceadaff5f407,111995,D,M,2026-02-05,online
a4589c00-586c-4fb4-a7f5-67d529453f11,245738,D,M,2026-02-05,online
294f6bd9-e9db-470d-a0dd-dc9b17f761fa,265378,D,M,2026-02-05,online
2a993b39-b58a-4610-a3c2-fdfcd220655f,241426,D,M,2026-02-05,online
ec72a1fb-b6e4-4327-bff4-1b931edc43d5,257245,D,M,2026-02-05,online
ac6f8001-ef4d-495a-a32b-810436182305,449447,D,M,2026-02-05,online
6676d0b4-4ffc-42ad-bc98-df03e7095f28,405376,D,M,2026-02-05,online
1a9133f2-975a-4ee3-a3d8-3bc2258e67f3,422293,D,M,2026-02-05,online
f147fa88-e6f6-4b94-96d0-de365b5f851d,415649,D,M,2026-02-05,online
04defb3e-e2f0-4e00-9e1d-b11ee90ed17a,62644,D,M,2026-02-05,online
8dac3a3f-46e1-4069-a2af-d2548e475afb,45048,D,M,2026-02-05,online
088ec1a4-fe35-4a61-a49e-e1d2d8f67805,168553,D,M,2026-02-05,online
a3c3c523-3abf-416a-815a-5ef78ec2ac12,283588,D,M,2026-02-05,online
7d6e6e65-9390-4900-aca1-1f5ae2d23f15,266833,D,M,2026-02-05,online
7b67e30e-5d44-47af-8dba-9a96e8465fbf,453140,D,M,2026-02-05,online
d8947b30-3fe5-4a15-a853-106314580f17,32245,D,M,2026-02-05,online
bd7694fb-9366-411a-a2e1-3cc821b5a20c,315870,D,M,2026-02-05,online
249f83df-7edb-489c-b588-878ad6e0f4f0,49713,D,M,2026-02-05,online
2e344f08-e6cf-4894-a87b-23c4c23594db,240581,D,M,2026-02-05,online
0b38a7c2-4a1a-48e6-bb6c-85af2f9af757,81681,D,M,2026-02-05,online
be0af3d0-e268-497b-ab7e-25d823ceb34e,348375,D,M,2026-02-05,online
aafbaeb9-01fa-4ece-8c64-4432d78d39e5,218510,D,M,2026-02-05,online
3dc4b5e9-473c-4ae5-b93c-d773da5b436e,89918,D,M,2026-02-05,online
2b82110a-73f6-423e-9a8c-8b9029a2b2b1,495869,D,M,2026-02-05,online
84d1fa72-d02d-4124-9b1e-f7d49d7a3a45,423389,D,M,2026-02-05,online
690e534e-4e4e-4eb4-b9b9-d4dc5977e474,196357,D,M,2026-02-05,online
68295736-7bbc-4bbb-b5d7-98eba82f4e68,401724,D,M,2026-02-05,online
bdfc05fa-09bc-423e-85c1-3147fdb741f2,48200,D,M,2026-02-05,online
6cb0dcf9-3e31-4af8-97d5-855ddb7131e9,311586,D,M,2026-02-05,online
297d11a2-0e6e-4a98-976d-e963c41b2e8c,108081,D,M,2026-02-05,online
ac8704f7-f306-4b7a-a9bc-95ae7b9d767c,329681,D,M,2026-02-05,online
4b4357e2-f919-4455-8502-f96455f5ae18,263925,D,M,2026-02-05,online
4bc56ab0-603c-418f-9630-126d618fa0b4,37901,D,M,2026-02-05,online
c182a991-a60d-4626-8af3-f98eeaa7907b,456550,D,M,2026-02-05,online
ac139926-7f5f-4640-869e-af6f75c2492f,366404,D,M,2026-02-05,online
665d4930-f604-40e4-8e1a-31a71a37dd06,350989,D,M,2026-02-05,online
53eb657e-816a-4d9b-9aab-753ce4995c31,32336,D,M,2026-02-05,online
152a63ba-48f4-4712-b5f7-6a950ee2e0d2,284323,D,M,2026-02-05,online
c310d47e-64b4-41de-97cb-ea1897e67eeb,499821,D,M,2026-02-05,online
118ad62a-978f-4971-9faf-035a0ce3cd1f,259881,D,M,2026-02-05,online
b9f0189c-e371-436b-b5a9-584d69fe9496,27591,D,M,2026-02-05,online
44dc4fdb-da03-4103-8116-2bc22699bead,160979,D,M,2026-02-05,online
b199c29b-93d1-4b4a-b489-067c4e7641c5,298287,D,M,2026-02-05,online
4f9e0a86-31b7-481b-aa16-3ee63f779c34,155849,D,M,2026-02-05,online
8ee1c2f9-d7d7-47e6-85a2-e3b54547f061,137852,D,M,2026-02-05,online
a0ea794b-3fb8-4676-a639-8f03941f2aec,94059,D,M,2026-02-05,online
098da487-ae76-41c7-bb78-b509825cf92c,440229,D,M,2026-02-05,online
74372210-f4c1-4ce7-9e1a-f55a1fadb3a0,496644,D,M,2026-02-05,online
04d364d2-aab7-4b7f-94bc-61219425b617,285870,D,M,2026-02-05,online
fdd85115-55d8-43a4-afeb-33e77d9fdb99,474734,D,M,2026-02-05,online
51fb1ff2-41db-4ee6-985e-0886c237e045,368424,D,M,2026-02-05,online
0734121a-8a30-41ec-9c18-1ea621141799,444586,D,M,2026-02-05,online
e6be8039-f57a-4759-a4fc-1551857dcdfc,6877,D,M,2026-02-05,online
c18a2eb8-4fc6-489c-80c6-c173bb0fe91f,157900,D,M,2026-02-05,online
4b27c952-4ecb-4a9f-b436-75465edacf1e,376895,D,M,2026-02-05,online
f3fe10d3-d2fd-417c-817c-3a5d9d24bbc5,16313,D,M,2026-02-05,online
ebb5caa0-7bc1-482f-ab1d-5cde5c3b9137,9637,D,M,2026-02-05,online
877cd5cb-c308-46d0-8ab0-a845e024660b,33238,D,M,2026-02-05,online
edb7a424-f9aa-4e33-a50a-d7f2dfcb928e,104671,D,M,2026-02-05,online
5cfc27cc-d905-4a0a-8429-fe737960bf72,432407,D,M,2026-02-05,online
5b93f3ae-708c-40d2-9c09-22ea381c461e,110626,D,M,2026-02-05,online
40f6b369-2ac6-4af5-b79b-81cb2fe78dcd,488351,D,M,2026-02-05,online
e56329bc-a2bc-4a38-b140-b673ceeb6c1a,332962,D,M,2026-02-05,online
2a3de0ec-c21d-4357-a792-9a63989811b4,392117,D,M,2026-02-05,online
7fcfac8b-9e87-44e0-b16b-50732d065e32,362317,D,M,2026-02-05,online
8f82126d-5500-4a92-a70a-f95168732128,419877,D,M,2026-02-05,online
4d95427c-b4f8-457c-a300-0c898b93efc2,246775,D,M,2026-02-05,online
be6213aa-30aa-4455-a533-bae7fa6754a3,348436,D,M,2026-02-05,online
8ecf3660-6e3f-4fda-937b-dac8c567630f,5713,D,M,2026-02-05,online
e075b021-ce17-422f-9f2b-311f790675cf,219785,D,M,2026-02-05,online
1daa7225-a8c1-47ce-9658-c6607bf7d726,175662,D,M,2026-02-05,online
c445b030-7b98-455b-95f2-ffe5bd152826,455259,D,M,2026-02-05,online
0da9bdeb-785c-4e89-80c1-78d0977d0aed,56566,D,M,2026-02-05,online
d594cd09-e3fd-4a30-91d0-e8550de32a73,382362,D,M,2026-02-05,online
add3a2f0-ad9e-4df3-b657-4597ef4996f6,454378,D,M,2026-02-05,online
a7ef3370-90aa-41f2-a573-24d0ce5c0615,479440,D,M,2026-02-05,online
d64d85ec-350a-4e52-9e97-94ae01bee5fa,309337,D,M,2026-02-05,online
0bad7197-8259-49e4-b1aa-064b2e839f5f,46770,D,M,2026-02-05,online
1ba86f7b-5432-4269-a573-20b8409287cc,282550,D,M,2026-02-05,online
bb4ae54e-bffe-4aa0-80f9-c6bb2a478ce0,443826,D,M,2026-02-05,online
17f02656-9211-4908-819e-f7618c51c3e9,201697,D,M,2026-02-05,online
ade2cff4-798c-4eea-947f-ec58d3d4cb9e,435398,D,M,2026-02-05,online
2380bfd2-f46f-4918-ba26-61d91907a688,25038,D,M,2026-02-05,online
0545cdd6-c6c3-41e0-a522-89a511c523c1,96608,D,M,2026-02-05,online
157af2ff-1a33-49ac-9a37-964eebd1d889,133010,D,M,2026-02-05,online
da1549af-7f0e-45cc-a26d-2e39e917a98e,428047,D,M,2026-02-05,online
76876b90-c81d-4315-8db5-8ef9c405e559,182147,D,M,2026-02-05,online
b3f293e8-e7e8-4ba7-81e0-daa801756db9,153046,D,M,2026-02-05,online
d1b05199-7e01-4b0f-91ab-8bcd8e595898,251109,D,M,2026-02-05,online
99814b28-7a92-4a92-b8b6-3be684a262f0,250126,D,M,2026-02-05,online
fc581e97-fada-44b4-8198-854e7fbe1e6e,442903,D,M,2026-02-05,online
72e6a8a3-a85c-4a1b-a8db-fca669e8d950,356839,D,M,2026-02-05,online
155eef2c-167e-4e0e-9923-53ceebb8b854,460049,D,M,2026-02-05,online
be67d30b-b95c-405a-89de-c160e76788e8,419823,D,M,2026-02-05,online
fb474001-72a2-4ede-b5e1-14d9a4abad0f,280751,D,M,2026-02-05,online
97cfe720-bf6a-42b7-a4ff-db21017439ce,308971,D,M,2026-02-05,online
7d98c8ef-cdb1-4034-ae6f-5e85a323f681,471653,D,M,2026-02-05,online
715f2416-9c87-4156-a9ec-e7a2652479da,361888,D,M,2026-02-05,online
2254f27f-640a-48ed-87df-626e03a166ed,63292,D,M,2026-02-05,online
07080ae0-c997-41fe-96f1-b56a301fe15f,450233,D,M,2026-02-05,online
07db1aa8-7a4c-4000-9556-f88b54ce3b65,463704,D,M,2026-02-05,online
ac512e5a-f111-48db-82bb-0a1932a68097,443636,D,M,2026-02-05,online
6f6b3078-7698-4705-875f-b1e7f10a65c8,220431,D,M,2026-02-05,online
65b2f399-9203-4659-9527-4eaf73ac4dfb,137512,D,M,2026-02-05,online
267d1717-89e8-4af4-9fe0-a3b86c5acaae,218698,D,M,2026-02-05,online
2fab1ebf-6f78-45e2-bfe9-2e746ec4ec8b,261439,D,M,2026-02-05,online
99015cd7-032b-48f5-b2c8-bb69208809d3,260222,D,M,2026-02-05,online
a2b4b5ad-89b0-44e2-85d0-69396bdee1ee,360065,D,M,2026-02-05,online
65e2540f-03cd-4e41-b7a8-2ce9bff0cb99,107637,D,M,2026-02-05,online
dc1cfaa3-fbbe-47c8-9ce1-cdcb936a0b9c,126510,D,M,2026-02-05,online
7d5faf86-8163-43b6-aeea-7240fb8fa60a,455771,D,M,2026-02-05,online
7aa8d956-38b3-4108-a117-a9c1c7a6e4f5,376713,D,M,2026-02-05,online
0aa9627b-956d-49d8-83aa-4a10e071602e,407125,D,M,2026-02-05,online
01c069d6-fdbd-4c29-8715-ef9d7c35b980,488874,D,M,2026-02-05,online
49909569-b6f0-41ac-a89e-ba957fb6e6c5,87740,D,M,2026-02-05,online
dea2f5d5-e4a1-4ea2-800d-c18713447ce6,338033,D,M,2026-02-05,online
6975a842-43e3-4fab-8b2b-1cbbfdd307e7,237086,D,M,2026-02-05,online
e60c95fa-e136-4d92-b564-72cd26b4130a,353635,D,M,2026-02-05,online
00a6ad3f-2c70-45ce-a526-7c94220f2287,347576,D,M,2026-02-05,online
e5faa8cf-02b7-48ca-98c3-997bcaaa673a,493374,D,M,2026-02-05,online
bf4e24f4-10a3-4e93-b45a-dcfb7b4b49ad,149415,D,M,2026-02-05,online
5fc028a1-4f96-4cce-955b-dca52ddcd2bc,435886,D,M,2026-02-05,online
cea0aaa5-e885-4427-a583-69d9031248d6,416214,D,M,2026-02-05,online
718e985f-9b2a-4c9a-8673-309b6aa3e77d,461875,D,M,2026-02-05,online
9e718a51-1a47-48ad-9f97-e8b164e6484d,393241,D,M,2026-02-05,online
f0bec3a9-da53-479b-9df2-5e053b6a2ec7,378533,D,M,2026-02-05,online
34c5d5ba-3d9b-4594-8334-878bba4f465f,472748,D,M,2026-02-05,online
47aec387-81f8-41cd-8cf7-e0dae8257022,281367,D,M,2026-02-05,online
1a8b4249-9cb6-46ca-a8c9-94c2355204f1,104,D,M,2026-02-05,online
74cc732d-7e62-47e9-a729-c98906c4f3d8,249848,D,M,2026-02-05,online
202c6acc-8187-4bc3-b7a1-2576ce804f03,193572,D,M,2026-02-05,online
0f55d443-4a22-400b-9732-6d5ab41c58a6,228203,D,M,2026-02-05,online
23b998c7-a579-4e89-874b-83e7ba24312b,433067,D,M,2026-02-05,online
ada7d710-531b-4e39-9587-d649af32b1d4,291388,D,M,2026-02-05,online
146aabd2-8e75-4a50-9f8b-452c9bae88ad,68058,D,M,2026-02-05,online
578e3f88-dd10-42b6-b375-6faffabd9802,425714,D,M,2026-02-05,online
1a799ab6-de4a-41c6-b2df-8470ab955562,495906,D,M,2026-02-05,online
86a9ac5c-6496-4ab0-b6f2-fc49a6edfb51,98747,D,M,2026-02-05,online
9df8fe3b-e6c0-4725-b109-4874eecedc1d,304791,D,M,2026-02-05,online
293c4833-ae80-4c03-af08-ea7c79233142,9810,D,M,2026-02-05,online
1eba3504-058b-4adc-a6fe-ec4a92211637,448838,D,M,2026-02-05,online
851e8f4b-d5c0-4b7d-9952-fe133ad8d051,455082,D,M,2026-02-05,online
0b3dd371-3460-4e90-8d81-b8e172dcf0f6,150190,D,M,2026-02-05,online
a7a4285d-e4d0-46ec-b149-3429079eac15,365173,D,M,2026-02-05,online
2a73b839-a396-45b3-8dc3-e73093594fb6,432679,D,M,2026-02-05,online
0986a34f-29b7-4363-9670-f7f0a3794b46,249305,D,M,2026-02-05,online
93516277-b7e6-457a-bbe4-b80073deb1f1,444775,D,M,2026-02-05,online
a1aa8be5-d994-40dc-bb23-f131cd89282d,361171,D,M,2026-02-05,online
c821d8e6-b317-4de9-8c42-d6c32365cf0e,480658,D,M,2026-02-05,online
9535764a-9078-488b-b318-148f95575d3e,175744,D,M,2026-02-05,online
f92e004c-96be-4895-a5b4-850fb59fdece,479429,D,M,2026-02-05,online
2bbecfc6-9b7a-42c0-a812-081bc12621c1,115633,D,M,2026-02-05,online
144bc1c9-0a5e-46a0-82c0-b66a392dd730,61146,D,M,2026-02-05,online
91bcf515-cc9c-497b-9453-6e4dd48033f8,177664,D,M,2026-02-05,online
19c71140-7e7a-4eb9-932e-4df4994f30c5,106731,D,M,2026-02-05,online
5a5865e4-bedb-4bdc-97f9-35eab6900b4c,91085,D,M,2026-02-05,online
7b7acb32-9196-4873-99e9-eadd55b8f4e8,288631,D,M,2026-02-05,online
94184075-db79-4c64-b454-237d0deed28e,322305,D,M,2026-02-05,online
ed779d4e-58d6-4491-9196-eeb0b57502cc,318541,D,M,2026-02-05,online
22ab1e8b-cdc3-41a4-818f-bada6a488043,331528,D,M,2026-02-05,online
930286a1-51b6-42e9-b629-188798d4df5c,260964,D,M,2026-02-05,online
2d069cab-1df4-4382-8bfc-cd7755b9b21b,138472,D,M,2026-02-05,online
28e17098-c390-40be-be1e-2bf93206f91d,256915,D,M,2026-02-05,online
86cae913-2871-4c31-9a4e-ea1fc6e64c7f,70829,D,M,2026-02-05,online
1081393b-8f13-42fe-b5ca-47569532a397,288432,D,M,2026-02-05,online
3a40078a-fbab-4e4d-90da-5b241610e845,390867,D,M,2026-02-05,online
86360f0b-104d-4d2a-9129-5a7e167e7d55,7367,D,M,2026-02-05,online
66902d29-c917-4480-a91b-6d04d05da637,216129,D,M,2026-02-05,online
cfc9f1fa-0e10-4dac-b554-0ce92fa1168a,18357,D,M,2026-02-05,online
9f109329-9964-4867-ba68-c2c8b794f71f,149503,D,M,2026-02-05,online
4a231298-c603-4311-8e58-b93a43b44f58,236351,D,M,2026-02-05,online
e8bdf06a-6554-448f-bd85-2bd78e11c043,321802,D,M,2026-02-05,online
b0db3cbc-febd-4c4d-a1be-d4d56b649bc7,53218,D,M,2026-02-05,online
f018eb5f-e7b8-46cf-b9d8-ecb4d2dbb2bc,119937,D,M,2026-02-05,online
dd40b74b-e101-43ac-a91f-31ab19b729fb,75149,D,M,2026-02-05,online
a9459794-95b9-4dfa-adf4-99a7073dba16,189298,D,M,2026-02-05,online
cb200941-a854-4e29-b627-3597a2ecdcd6,317233,D,M,2026-02-05,online
02f2f8ba-f40a-444d-ac2b-2961ab9c1d39,161304,D,M,2026-02-05,online
6e05d276-fa0e-4387-ac82-7f869bda1225,5694,D,M,2026-02-05,online
2f3646fb-1b58-41c6-a678-13b3af1bac74,379510,D,M,2026-02-05,online
00bc577b-e8bb-4f77-88b1-569722f401a4,63377,D,M,2026-02-05,online
09054e6d-b5cd-4005-9a38-76ae1e1e4322,210371,D,M,2026-02-05,online
f1d6e8ca-8914-493c-961d-9dce9d234e46,41174,D,M,2026-02-05,online
8e8ddc01-4355-4000-a3f6-ff6b278af13a,332577,D,M,2026-02-05,online
3dabc37d-6bd5-40a9-ab11-83ccf8be9b68,397116,D,M,2026-02-05,online
f29f5956-db8f-4abe-9480-ebe819a1ac5c,425278,D,M,2026-02-05,online
e1b526a6-084c-4915-96a4-b0d64d6625f5,314680,D,M,2026-02-05,online
acedf1ae-2717-4651-9d27-ba6af0afe1d9,240314,D,M,2026-02-05,online
97568a99-2936-4c78-9f37-a78fb6c0d0bf,122155,D,M,2026-02-05,online
a68dfc04-dfb9-4913-aeb6-d198c7574dd9,59355,D,M,2026-02-05,online
b8ccc549-cf04-4215-8fb1-f3c35ffaacbd,18649,D,M,2026-02-05,online
741f1d3f-6d6e-4c5a-a671-c7eb45ff7922,426441,D,M,2026-02-05,online
01feb436-c9bd-42e1-8eba-1c0cef9cbd7d,271088,D,M,2026-02-05,online
9c7c7a40-6d85-4a95-bdac-cf0dd38eebe6,330139,D,M,2026-02-05,online
292eab04-61d6-479c-bd8a-5a2fc693ca1e,179524,D,M,2026-02-05,online
af69900b-bf6b-452d-94ea-397ceb9cde35,387739,D,M,2026-02-05,online
10c033cf-77b5-43e3-bcc0-b90be995bfac,446802,D,M,2026-02-05,online
12f0205c-3998-4832-a1ad-bc1c49a0cd8a,144779,D,M,2026-02-05,online
3c4acc0f-ed4d-4728-a353-e00f70842e4e,377259,D,M,2026-02-05,online
81e86430-6bc9-4206-9b01-6bbbea1b601f,371640,D,M,2026-02-05,online
2d5a5cf6-44e4-4df8-863c-f483b473d3d9,258162,D,M,2026-02-05,online
13f339ac-f744-4eed-a4a8-456cbdc07409,136683,D,M,2026-02-05,online
6c36ba3c-609a-4bc0-982e-e451e194f231,38351,D,M,2026-02-05,online
38dd053a-2700-40c1-b0f1-34f725375cae,495847,D,M,2026-02-05,online
d1b9535c-6ac4-4472-8bde-3b9b08b1a4f2,305342,D,M,2026-02-05,online
869997a2-dcb9-4fdf-a6b3-73cb162812cb,106517,D,M,2026-02-05,online
3898f431-cc0c-4bfe-bf81-351a2418c5db,417832,D,M,2026-02-05,online
690a1c32-aa68-42d7-beac-d4c7a2c5d09f,429805,D,M,2026-02-05,online
7b431591-33a4-406b-8a22-5b08e19d1f4e,466346,D,M,2026-02-05,online
17d5ca35-910b-42b4-903e-50b1f1c9ed37,414901,D,M,2026-02-05,online
4fed27c9-c1a6-411f-adb9-a514b562fb7b,470962,D,M,2026-02-05,online
a847b29f-dcb5-4717-8c28-6feddf246420,477599,D,M,2026-02-05,online
206e933a-b4cb-4e29-976f-4b6b416b4363,214564,D,M,2026-02-05,online
2d8cc9bf-9174-4c13-b286-b64dd090bfdd,24693,D,M,2026-02-05,online
870cca71-128a-4503-83c0-18d225296653,424244,D,M,2026-02-05,online
e5571083-c196-4629-88ce-634ad8c9536a,409196,D,M,2026-02-05,online
740dbaff-e6b5-4c45-b083-72ddf796aba0,33951,D,M,2026-02-05,online
525c00fb-87bc-4678-86f7-f6ccfb695c69,315125,D,M,2026-02-05,online
6e4326d5-5ad6-4c3d-a5fc-b01144092f67,64694,D,M,2026-02-05,online
3fa4b31c-fb05-49f0-9ab0-bc6c23564726,346896,D,M,2026-02-05,online
40245c5d-20b6-4ea0-b485-29a747b2d150,338276,D,M,2026-02-05,online
aad1bc25-6563-4b37-ae7b-f6b4634ae8be,325873,D,M,2026-02-05,online
95eb3912-499e-43a3-baf0-6eeafd1b2d8b,365413,D,M,2026-02-05,online
46a5a2cc-c292-4d55-a9ea-3351cdeb6d3f,43143,D,M,2026-02-05,online
ddd5d442-47c3-4e36-8759-4cf8bffd1363,338023,D,M,2026-02-05,online
c4e21f02-6c98-4096-959a-91b6381e12aa,184680,D,M,2026-02-05,online
4b6fac59-af6b-4e4b-8d2b-3bc9f7d8eaa9,440424,D,M,2026-02-05,online
6f546edb-fe6e-465d-9276-227617acfb60,142684,D,M,2026-02-05,online
b3fed75b-c411-4da2-abd5-e1721c97b3c7,47665,D,M,2026-02-05,online
46aa8074-8a3e-4ef1-8234-169852029754,199546,D,M,2026-02-05,online
26e2d3fd-e66d-4435-b0a7-25a71376b3a2,302511,D,M,2026-02-05,online
38b61e8e-cb39-4021-934e-4d7caacc7735,159702,T,W,2026-02-06,online
7dadfe36-eb6d-46ef-b665-b79d1293ba28,122568,T,W,2026-02-06,online
b0ce5a44-2c90-4dac-af6a-470e47288d39,117516,T,W,2026-02-06,online
852292b8-6417-4cd9-a26c-2e7bbd42f7e4,291730,T,W,2026-02-06,online
c4cecc59-3cd3-457e-a7cd-a2f5dca7732e,471554,T,W,2026-02-06,online
9db7b9d6-8160-410e-bdc6-52a6ebea1e5c,193343,T,W,2026-02-06,online
aa7eb0b1-39ba-468d-818b-a40b3bc0013e,154418,T,W,2026-02-06,online
bbad0553-e007-4ce1-a8e6-fb0763e1fd4f,322541,T,W,2026-02-06,online
3d4f5386-465f-41c7-8e98-95a5c527fe90,370694,T,W,2026-02-06,online
02d548e2-3a8f-432a-a7cf-5f3c37151bae,65609,T,W,2026-02-06,online
f142ee5a-c11d-47d9-913b-95321f67ff98,31301,T,W,2026-02-06,online
c13a4f21-82e9-4efc-90da-8ad14763c1c0,306321,T,W,2026-02-06,online
774947b5-3fc0-4fb9-bd2b-1529706ab055,187103,T,W,2026-02-06,online
49ce82a8-1b33-4319-8b47-f543e3ebd19b,219873,T,W,2026-02-06,online
cb5bf2a9-349c-4d14-a3dc-9cec17756559,422504,T,W,2026-02-06,online
075e34d1-5154-4960-98c3-73dcf6bad600,199969,T,W,2026-02-06,online
70cb057e-b172-4818-9fe2-dd09b8e50b45,20391,T,W,2026-02-06,online
aa9dc74f-c671-4b12-9632-7d23ce2ed6cc,15811,T,W,2026-02-06,online
584356f4-2715-4dcf-8a47-a0c5c59c020a,468582,T,W,2026-02-06,online
a1940736-27dc-4ae7-a682-448baa9f98e9,28126,T,W,2026-02-06,online
110b6de1-572e-43cf-a0f7-eb06be05a9dc,39896,T,W,2026-02-06,online
0d3d1ed4-0e96-40a8-9671-761eb882f664,65793,T,W,2026-02-06,online
a23b11ac-6481-44e4-8d24-f833de2f1f2b,21089,T,W,2026-02-06,online
49f4ed33-974f-4368-b863-eb666df7cf72,293813,T,W,2026-02-06,online
ec8e9c13-cdc5-43d0-af11-6d8f95acd49c,15858,T,W,2026-02-06,online
d8188292-7874-4dcd-9538-1f9a3ca07858,100461,T,W,2026-02-06,online
a1c80716-e89c-430c-92ef-9c9a9bd94908,415560,T,W,2026-02-06,online
98473617-26ed-4346-a8f0-1830fb85616e,212790,T,W,2026-02-06,online
c02c55f5-c771-4828-bb38-b78e9c8233da,78258,T,W,2026-02-06,online
419917fc-4774-4313-a094-d58aae89d7a7,373559,T,W,2026-02-06,online
e7c6fa4b-0830-4263-8f69-3842c5eee00f,163572,T,W,2026-02-06,online
287671db-1463-4f82-8c45-5e8d438af0cb,462437,T,W,2026-02-06,online
ee2103dc-238a-493b-b6a1-b099c717dbac,385899,T,W,2026-02-06,online
5d353f61-587f-423d-ae21-f37e8a21c3a4,171011,T,W,2026-02-06,online
473b02f7-b4aa-45af-b180-8be4a070e926,115952,T,W,2026-02-06,online
4501dd0a-4e09-4823-b036-4d3e99346743,429163,T,W,2026-02-06,online
ccefa527-be9e-40d3-8655-a843c9604e96,79797,T,W,2026-02-06,online
63831817-e1c6-417d-b76b-00e1c5966ccc,9151,T,W,2026-02-06,online
1f82507b-d2cf-486b-8123-6ae49621ec57,464034,T,W,2026-02-06,online
5c173e22-a240-424f-b48f-7bbca7172789,273945,T,W,2026-02-06,online
d9d86bf4-aa9e-4e12-9fa0-e1e28cbdeaef,230346,T,W,2026-02-06,online
835debde-93f3-4a07-8fcb-f72f9bc353b3,237985,T,W,2026-02-06,online
d5dbf499-1009-4cf9-be49-893e2b796bc8,110270,T,W,2026-02-06,online
3490f7ef-9d44-4e1f-940c-292fc80034db,194527,T,W,2026-02-06,online
9f481adb-0524-4303-914f-62e5f0120c7d,3729,T,W,2026-02-06,online
9bbb1be4-9a59-46cd-9e08-a7da255d83d2,407767,T,W,2026-02-06,online
69438e2a-918d-4022-8412-175e4890ef87,172501,T,W,2026-02-06,online
0d275dcf-6ba8-4d1c-9bb0-42c863baac85,270334,T,W,2026-02-06,online
fb0adcd1-d6be-4b3a-86c5-e2eebfa227cf,238433,T,W,2026-02-06,online
b8b785b0-6f0b-4de9-aefc-bec6afdac5a1,428500,T,W,2026-02-06,online
3776e07f-4628-46cf-93ba-6165c11b57e9,76029,T,W,2026-02-06,online
ce46ac49-7f70-42d8-9049-00dec09fe915,104777,T,W,2026-02-06,online
0e3a623c-f08f-43e2-812f-439b0aef214b,31268,T,W,2026-02-06,online
ff19d1be-b83f-4328-b74e-7ac08a9a3148,295104,T,W,2026-02-06,online
be9ac2f4-8891-47e5-960e-d1d09ba18952,1988,T,W,2026-02-06,online
6b7c3283-efad-49d6-b5e3-2fe60bf27449,476191,T,W,2026-02-06,online
70ebda20-2f9f-435f-931f-61f6940f449a,292229,T,W,2026-02-06,online
beeaf1da-ad65-4347-8779-d70ba7b5d665,257249,T,W,2026-02-06,online
a06a17dc-6fe3-4779-8555-4247d2778f1a,322738,T,W,2026-02-06,online
b9ba9adc-1cd7-4b7d-b94e-95929695f033,222470,T,W,2026-02-06,online
39032ee4-5413-4799-8e52-81ba7a523a5c,154596,T,W,2026-02-06,online
ba805f64-9893-464b-9a97-3f117b5501c2,498012,T,W,2026-02-06,online
3b712178-366f-4605-9a93-b292f25279da,280025,T,W,2026-02-06,online
14c56648-3c8e-4683-83fb-9b490e5ff429,55601,T,W,2026-02-06,online
93304f03-1a98-4675-b768-c897a4064a5b,249104,T,W,2026-02-06,online
c1fd5fb3-fd68-493a-a01c-ddf3e4823e12,24450,T,W,2026-02-06,online
33ce6bd6-2545-4811-bb22-1290a40a3829,207368,T,W,2026-02-06,online
6d087424-9116-46c2-8a58-263ba0122e4e,430577,T,W,2026-02-06,online
2b37db73-10a1-4e60-bedd-37ea85435fe3,214722,T,W,2026-02-06,online
bd0ea343-e64b-474d-b34a-bc41ed4e7e68,174736,T,W,2026-02-06,online
899e5b10-9d5a-4c08-a547-5159a326477f,26116,T,W,2026-02-06,online
21545e4b-7895-4a94-80f8-80511491bad9,406004,T,W,2026-02-06,online
d68a2716-10b1-4bf0-bccb-9e93c7f6b101,24349,T,W,2026-02-06,online
8cb0f172-198d-415b-99a3-45d17202e2a4,109668,T,W,2026-02-06,online
76670aaa-cde9-484f-a482-7ef2e8968f57,222541,T,W,2026-02-06,online
02ff5802-342c-4920-a334-5d2766ecf2e3,276069,T,W,2026-02-06,online
185bd37b-3b51-4f36-8b8f-65933e66a991,427382,T,W,2026-02-06,online
7f655491-ae93-43ec-9105-0ffbddc0e122,208358,T,W,2026-02-06,online
fb47f823-c31d-4cf4-b575-65ee821ef5ad,385970,T,W,2026-02-06,online
5ef6aedc-7712-418c-aa5a-a0bca767b7ef,186908,T,W,2026-02-06,online
87035732-cf3f-4bd5-9c08-379c6053530b,15800,T,W,2026-02-06,online
34309feb-6a6f-418b-b318-7ada39eae145,162224,T,W,2026-02-06,online
f548c8f6-6edd-4ea4-90fa-cd06d41ceb81,200131,T,W,2026-02-06,online
64502988-2d68-4258-819f-0c2474b81f25,73784,T,W,2026-02-06,online
04b67811-261b-4683-a33c-c3f88c1b6c62,167971,T,W,2026-02-06,online
122a1561-1512-426b-9837-9a0337be6319,372566,T,W,2026-02-06,online
05292ed6-2dbe-488c-85dc-e48c76b53e6a,113976,T,W,2026-02-06,online
8a5fdef3-abf4-43d2-9536-5be3356f9cee,344341,T,W,2026-02-06,online
b68c445d-7327-4ba7-8503-13b150deaf50,87955,T,W,2026-02-06,online
1b2b7db1-ab1f-4e51-bf9d-b09977909eb2,297837,T,W,2026-02-06,online
fcacb7a7-de40-4758-b011-4f44e0bb2704,374182,T,W,2026-02-06,online
bc9d559a-1930-4d7c-87fe-cc5948036e89,374470,T,W,2026-02-06,online
f7bcbada-06c8-4a73-8f16-f17e2a2a581a,431058,T,W,2026-02-06,online
af7d4eb6-9dcf-48da-8bc6-c502f0ecdf29,262704,T,W,2026-02-06,online
4f4e8859-0ec1-4048-9024-96413f77380c,474562,T,W,2026-02-06,online
ba592fbf-5224-4a26-af3a-07fcfc14d169,32548,T,W,2026-02-06,online
37c15a37-c112-421e-87ae-a41af79eb781,412275,T,W,2026-02-06,online
4fecbdab-35b2-4c4b-9a11-4aff9bf0c969,9089,T,W,2026-02-06,online
ef4a2cc7-536e-4cc3-b7d7-3481a96e2646,119687,T,W,2026-02-06,online
eed9e3df-f02a-4eea-925d-19ec9b6f20d4,371248,T,W,2026-02-06,online
78f5f524-4fe3-4ed0-b7b1-02d5c1443b09,199384,T,W,2026-02-06,online
1c206676-dd39-41d7-a7f7-fb691a7a7ac3,152098,T,W,2026-02-06,online
461acaa5-b792-4ff6-a111-6581afd9eec0,15992,T,W,2026-02-06,online
59df3179-4c24-4f44-bab2-25e7847806eb,214999,T,W,2026-02-06,online
6df1681b-d2cf-4b45-8e56-f0481a5bdb37,44976,T,W,2026-02-06,online
5d341e3a-7350-4af2-8bbb-c2857c5a63fb,205833,T,W,2026-02-06,online
72f0beca-93a3-437f-9214-98d1f69ed7c2,177939,T,W,2026-02-06,online
57610470-07ba-4f0e-bf50-67a0f1c32250,285328,T,W,2026-02-06,online
0c53cc6a-37b2-45ec-97ed-6c94fea52ba6,1229,T,W,2026-02-06,online
7753a61f-4937-4e07-87f3-2a22bf8f3753,397248,T,W,2026-02-06,online
b233cce3-843a-4496-a86c-c485cfd49f7f,40537,T,W,2026-02-06,online
e813d1bd-ca64-46cb-abb2-e51c43a72807,476364,T,W,2026-02-06,online
091dd241-3bd7-4198-96c2-0655f6cf3948,5089,T,W,2026-02-06,online
3f72a246-b090-4f09-91c9-e5a3d76b7e5b,262626,T,W,2026-02-06,online
5fdf2a8b-df3b-4fec-80a6-a80677cfc51b,207082,T,W,2026-02-06,online
d8065235-cd5b-42dc-927a-bb0ad28583a0,389412,T,W,2026-02-06,online
dae2b35f-bc8d-4c3b-b6cf-c656fc975070,120485,T,W,2026-02-06,online
7cf3fb0e-8d9b-4431-b060-fe538dd5f1d8,188402,T,W,2026-02-06,online
d4a8b5d7-d23c-4373-b106-4bea59d47dfb,129991,T,W,2026-02-06,online
c88fe23a-219c-4991-810f-3ae0bb5b6cc3,265115,T,W,2026-02-06,online
06b93758-f808-494b-aaea-cc875bf44a7b,192884,T,W,2026-02-06,online
2b2bc65e-9aee-491d-b375-d6246aa83846,195111,T,W,2026-02-06,online
e76d83f1-2898-4d43-8021-5046d88fb200,203808,T,W,2026-02-06,online
38bdfa9e-3eca-46e9-880b-d94a06fd5f08,270111,T,W,2026-02-06,online
f94897d7-3d89-4ed9-8e5d-076ef7e0b37e,34560,T,W,2026-02-06,online
aca95bc2-5283-4db3-be81-4e618eb8c53a,358582,T,W,2026-02-06,online
e8829df1-967a-44a3-bd09-840710fb1aae,297943,T,W,2026-02-06,online
6acc8edf-495c-4507-acf8-b07e003d4e1b,363071,T,W,2026-02-06,online
248a0449-67e2-4e1e-96aa-512251184886,238687,T,W,2026-02-06,online
c6be4288-2c43-4103-82a3-361e160e26f4,424218,T,W,2026-02-06,online
3476deed-caa0-454e-ac1f-42d182e92e21,353146,T,W,2026-02-06,online
8bf1519a-ea36-48c7-8b20-54a2f8f34cda,38486,T,W,2026-02-06,online
c63cfd33-9ee8-447a-85a4-b25e04807921,466385,T,W,2026-02-06,online
b75214ff-3ec1-45fd-b622-1a08ac8005af,286942,T,W,2026-02-06,online
398abdb8-8966-4a6f-bd4f-1e271ea9803d,356185,T,W,2026-02-06,online
726e43e1-bb81-47b8-b676-eb77cad0f0e7,386111,T,W,2026-02-06,online
59af861e-c9bf-4ee4-91fc-24b530ec2f51,199885,T,W,2026-02-06,online
a05c781e-bab5-48f1-8400-da23184a82eb,145702,T,W,2026-02-06,online
53bf481e-7421-4c94-890f-c2624b0e4ed1,9518,T,W,2026-02-06,online
0a23aacb-560f-4d2e-bb4d-69ef2e981cb8,69855,T,W,2026-02-06,online
3d0949b5-2b2a-4d78-b4d6-05043dd46406,474158,T,W,2026-02-06,online
ce602aa2-4176-409a-8945-73ba5d74c22f,390845,T,W,2026-02-06,online
6f18d1fc-561b-4e99-8198-65ea4586cbfb,137661,T,W,2026-02-06,online
90d6e1c9-db8a-4b31-b683-6f6827dfaeed,169783,T,W,2026-02-06,online
1b4b13d1-49fa-420c-9c39-007a3dc9dccc,69740,T,W,2026-02-06,online
31847eff-c731-4301-b356-54109c3b0bb6,430543,T,W,2026-02-06,online
5c4fa072-8a8c-47ca-8519-af1b39a2f740,111241,T,W,2026-02-06,online
7adcd0c4-6e63-4515-9e2a-02722aa71b0a,244068,T,W,2026-02-06,online
4cf91acf-188d-49b3-8144-48eed33adac4,116466,T,W,2026-02-06,online
4f39e1ea-a635-497c-878c-c7553cceb593,488833,T,W,2026-02-06,online
1bf15e7d-847d-46b9-9754-719f3384324e,240905,T,W,2026-02-06,online
43b7eef3-ed27-4eb5-aac3-a8c8ab222a25,264807,T,W,2026-02-06,online
f9531e6c-9cd1-42a9-af18-f79ece356caa,343907,T,W,2026-02-06,online
5a6ea786-730d-473f-9837-6b24bd7a0264,324511,T,W,2026-02-06,online
21c83e2b-6293-4285-9d25-791e72b00d4d,224395,T,W,2026-02-06,online
e417e981-abf9-43df-8f0c-0ed6fd4912cc,209392,T,W,2026-02-06,online
30f835ef-b8c5-402f-9424-37397fe2fc22,130953,T,W,2026-02-06,online
410ed76c-8a6d-41e6-8093-a058532cd8c6,395202,T,W,2026-02-06,online
eee6dbf5-a059-4d98-b99c-cc10397fc065,430424,T,W,2026-02-06,online
c2a91233-294d-46bf-8511-b1628155fa71,409278,T,W,2026-02-06,online
eb262b8d-716f-40e6-abf1-05203f4d05da,139657,T,W,2026-02-06,online
26b99d28-6f88-4ca5-816e-75485525aa06,209524,T,W,2026-02-06,online
9bf66278-d505-4541-9b33-5051baf84c85,304242,T,W,2026-02-06,online
f73a4b5f-5c41-4901-ba15-0af7183795b4,198778,T,W,2026-02-06,online
54b56d67-5933-4870-a607-f4e1228b4ec7,232086,T,W,2026-02-06,online
ffcea53a-3f04-4e31-afa8-4bb7de499df2,445289,T,W,2026-02-06,online
ccfd4bc6-4307-4675-bc0f-ea7fd644f694,191996,T,W,2026-02-06,online
eba78b58-d219-400d-b97d-2f13f31852ce,467352,T,W,2026-02-06,online
9dd3b105-765c-4c68-a8b4-c136faef9c79,104461,T,W,2026-02-06,online
c3d7aa4f-9a9d-4820-a4b8-f8a070236cc1,372418,T,W,2026-02-06,online
ae64e97a-b852-434a-87d9-fc89748647e7,249449,T,W,2026-02-06,online
3884bce1-e8be-4f81-a379-07c5d6044a40,55444,T,W,2026-02-06,online
cdda934a-aa44-49fa-b0ee-4161cfd62741,196566,T,W,2026-02-06,online
766ed17a-4499-4bda-8989-082871002b64,414938,T,W,2026-02-06,online
3c5a5c99-2b97-41a1-8686-df7a8d7424bd,400060,T,W,2026-02-06,online
e5a57d08-e97c-4862-afa8-6463229ef3e1,276744,T,W,2026-02-06,online
2ad46278-bf03-4d74-b732-241799b3b925,84475,T,W,2026-02-06,online
7e4f8506-cde1-4e8f-8ec3-2d707b7e2115,479358,T,W,2026-02-06,online
b945e900-88da-481b-a4cd-99b030e630f9,131754,T,W,2026-02-06,online
4fc58657-4032-4802-a491-ec53afeb2b42,47884,T,W,2026-02-06,online
bda0599e-dcf6-4095-92bf-8c063f1a6155,297592,T,W,2026-02-06,online
15bc12e4-525c-43bf-8101-d5abdc92d564,11593,T,W,2026-02-06,online
ee892381-b07f-45ca-b100-ff210c42bb99,64519,T,W,2026-02-06,online
59ed3539-86cd-4e17-a280-b0dd377afeb0,112418,T,W,2026-02-06,online
c0314b5b-259f-4bde-8a44-732e2ff6dc14,18972,T,W,2026-02-06,online
cf4540f7-2f6f-4297-a950-dc0aace70918,136145,T,W,2026-02-06,online
d08f3376-3dfc-4aed-b3bc-8928df12faad,453939,T,W,2026-02-06,online
926ace18-8fd5-465a-ac46-eb5fa9c09d4b,386079,T,W,2026-02-06,online
5031f97b-4abd-4b6d-9b2b-9d8091dd4b5c,62373,T,W,2026-02-06,online
6fd190ad-5cfe-4d05-9f3d-1873f79e0efe,461229,T,W,2026-02-06,online
61c4edc4-9f4f-4b4f-b57d-b6d540b49e18,351522,T,W,2026-02-06,online
dd8cc3b4-eb6f-4fd9-a5cd-7ea04114c6a8,42052,T,W,2026-02-06,online
5ee4a568-6e36-47ca-b135-4d1470f7b1a3,22699,T,W,2026-02-06,online
5aaa329c-2c26-4063-871b-8bb9e306dee0,219364,T,W,2026-02-06,online
9eb51ba5-b48d-4dc9-baee-33dbe69e7fc1,893,T,W,2026-02-06,online
bea3d4e1-13f0-4610-ba69-96a8991485c2,434060,T,W,2026-02-06,online
cbbfee42-9462-41a8-aa61-579061996012,250307,T,W,2026-02-06,online
324c754b-6349-4cae-b02e-fedfde173ca1,277854,T,W,2026-02-06,online
48d0930c-08cb-4665-b75e-8a39cc199216,107967,T,W,2026-02-06,online
bcc74349-e1cd-4887-a67b-7978d6cd6923,125152,T,W,2026-02-06,online
99679581-9476-47dc-8dde-46b022c45fa5,492029,T,W,2026-02-06,online
126ff95b-3467-4057-abb4-662f4f5b1ba8,325967,T,W,2026-02-06,online
efc75925-b0db-4135-987f-9ec7b0ff4f7a,123352,T,W,2026-02-06,online
cbb76c5f-8a73-48cf-9eea-b43b8d57b73d,93051,T,W,2026-02-06,online
aaaa226f-5594-4378-928b-2f2c9872b36e,238125,T,W,2026-02-06,online
db6b320d-55df-44ee-ada0-4dbe07d98ef6,274004,T,W,2026-02-06,online
8ae27227-fefc-481f-9914-87afd6bdcdfc,315360,T,W,2026-02-06,online
ee28d1fa-f8e8-4390-bbbd-ebc78325d052,384693,T,W,2026-02-06,online
f9e70744-5af2-425f-903e-beb0261e4bc6,477489,T,W,2026-02-06,online
09369a9e-fc3b-4095-89d4-2792cdb52715,99410,T,W,2026-02-06,online
d5ceecba-4cbf-4683-9cdd-5bd692b83a36,422386,T,W,2026-02-06,online
5e6faf1f-5a69-4599-aae7-508bd0f0c55d,41942,T,W,2026-02-06,online
65d05af3-d079-4dfa-bdac-c094608d9560,232870,T,W,2026-02-06,online
bd5b1477-aa28-4124-ac54-e9b6505ffca3,52899,T,W,2026-02-06,online
e994fa89-35b0-443f-8569-76a82792b244,375066,T,W,2026-02-06,online
43810e1b-3847-4df5-b5ba-f441eee16fe0,208588,T,W,2026-02-06,online
4e3485c1-5525-4025-94a8-0432e2edf5ef,48552,T,W,2026-02-06,online
199700d6-4ccc-4519-903c-2c5e1ae16319,370731,T,W,2026-02-06,online
a749085f-8118-4dc2-a58c-d0ae040b5b70,330137,T,W,2026-02-06,online
ea8154c7-2b81-4663-9730-0476af6e01b3,242450,T,W,2026-02-06,online
2d21c833-ba0d-47c4-8a05-26c0ff1c7bbf,98367,T,W,2026-02-06,online
1850830e-8480-4fe4-ab79-0ac0ea4bd950,463449,T,W,2026-02-06,online
f1a37302-6549-4988-8eb3-5886bc93889f,179459,T,W,2026-02-06,online
e913424c-881a-43cd-ac72-e62d0151b05b,459489,T,W,2026-02-06,online
4224516c-e30b-4923-a005-8d5628828c98,488000,T,W,2026-02-06,online
19adc0fb-d72a-4788-bbc3-e052c85dcf26,105657,T,W,2026-02-06,online
ea08e07c-b0e3-4890-a136-fbb2cd79efe1,324246,T,W,2026-02-06,online
1a232472-1f2d-4324-8ff7-badfe5ea4660,252425,T,W,2026-02-06,online
fc584464-40bf-4c08-aa3f-e4dacaa0bc8e,322219,T,W,2026-02-06,online
df082956-b81e-47a2-b305-fafc30b7c608,12390,T,W,2026-02-06,online
084a6a54-b8cd-4aeb-af18-e9e5ff4b25d1,180451,T,W,2026-02-06,online
d72aba67-269c-472c-bd25-01b78f14b17e,391838,T,W,2026-02-06,online
ccc56543-7acd-42b5-92b0-8c9c9534a287,303424,T,W,2026-02-06,online
51b41a2f-cc7f-4c24-9b75-f971e69df28d,159020,T,W,2026-02-06,online
ea5159e5-b331-4714-9031-849d6245267b,126068,T,W,2026-02-06,online
e437fb76-86c3-49aa-8848-35c72cfce7ae,271051,T,W,2026-02-06,online
92a922b4-cde5-4682-8be7-086d7005cbbd,346214,T,W,2026-02-06,online
9a5d7d0f-3b46-49fb-ab1e-6fd1fbe14011,233885,T,W,2026-02-06,online
96a2dcf6-2e0c-43a3-8104-d37295317788,297581,T,W,2026-02-06,online
abd96a8f-6a3c-40e8-bc8b-8fb2ffa1f2f7,63230,T,W,2026-02-06,online
b34b6bb3-23cc-464c-b55d-2e921f1c5e94,260420,T,W,2026-02-06,online
6251df20-16b3-4be4-991d-4979d3d28afd,146011,T,W,2026-02-06,online
94912706-1f8f-40ec-84d1-b8016d3dc785,300437,T,W,2026-02-06,online
4c3c1050-81e4-416b-b3f9-661ddc859c0f,267129,T,W,2026-02-06,online
78481cf7-e5d7-4a12-a824-4326626a244f,189505,T,W,2026-02-06,online
dca651af-e8a0-4cf1-996b-60a97486e863,268529,T,W,2026-02-06,online
40646265-15e2-4368-add5-2864928bbfa9,251644,T,W,2026-02-06,online
2b665301-2d2f-411b-a998-d984bd01ac6c,272630,T,W,2026-02-06,online
612293fa-23ce-4a0d-a3e5-cbfd012f11e9,485669,T,W,2026-02-06,online
9f55dd48-0948-4811-863c-1413a9cae3e2,125338,T,W,2026-02-06,online
1dc25ac7-3e9c-4e7a-be92-e9869b84df97,40836,T,W,2026-02-06,online
024bf2a1-eb0c-47f0-886f-59ae9e929c91,65120,T,W,2026-02-06,online
04bb20a8-8240-40a6-aed4-292227b8f253,222536,T,W,2026-02-06,online
5747b06d-7c2b-44ac-b38e-76be0902708d,402209,T,W,2026-02-06,online
88725d56-c6de-42be-b223-2d3fc97a53c7,49326,T,W,2026-02-06,online
48edf6f8-01c4-4c9e-bb66-2fb490e369c6,199989,T,W,2026-02-06,online
9cf6480d-b780-4a37-8836-c70ea57c86c7,411434,T,W,2026-02-06,online
3cb57350-f923-49cf-9803-db27bd31502e,287677,T,W,2026-02-06,online
fc5914d3-2790-4edd-afa8-99be6c62527a,192799,T,W,2026-02-06,online
ed091b73-2532-4b9f-bad4-fb5149d63a45,290751,T,W,2026-02-06,online
2e9d8cb0-942e-4dda-b5f6-f5d310998a24,146483,T,W,2026-02-06,online
991dbf81-7193-4fd8-8120-061cc0741224,318172,T,W,2026-02-06,online
16d17397-3ee3-4aab-94ce-588003417810,396083,T,W,2026-02-06,online
60f369c6-f551-46da-8016-9a1976fdb449,384455,T,W,2026-02-06,online
2fdf8df5-3e0d-4319-8c82-b4e781aa09e7,103294,T,W,2026-02-06,online
0202e5ef-8c55-482c-9f72-0e5d3497aeba,429333,T,W,2026-02-06,online
327c2233-b1be-4d48-ba79-07ccb596a222,418336,T,W,2026-02-06,online
e3f81eec-273a-4715-98b1-d9e7743b13d7,151746,T,W,2026-02-06,online
53183458-e836-46dd-a74c-607c75185bcf,142471,T,W,2026-02-06,online
046d5291-1f18-46e6-add6-ea512b52168e,30784,T,W,2026-02-06,online
8b1be164-a31f-44a1-a44f-5cfccb367409,252423,T,W,2026-02-06,online
1a4b14e4-dbb5-48b5-a1c7-e491d10c02ca,436009,T,W,2026-02-06,online
7891ac63-79cc-473d-a085-9036b3a8969b,380,T,W,2026-02-06,online
7f8ca482-55ca-4352-9362-00639021f283,157256,T,W,2026-02-06,online
c39ac960-89c4-4ad1-a4f1-efbf91e70f23,403604,T,W,2026-02-06,online
10bf15c6-3aba-45c2-bbbe-c762ae7f31e7,491460,T,W,2026-02-06,online
7e21eb6a-d01c-46ac-9e7c-8b6a85021a88,409339,T,W,2026-02-06,online
c1bcafff-7d7a-4609-87aa-2b0b7c948486,205307,T,W,2026-02-06,online
50bb0d14-e112-4e03-b851-3f80722084ac,57180,T,W,2026-02-06,online
39b71e74-9c60-4e3f-abb2-1d5f9fd8455c,152722,T,W,2026-02-06,online
4a61e079-89d2-43ea-bffa-03860e0afa71,179947,T,W,2026-02-06,online
96442eb0-2ae7-4488-8feb-8c7023fc28a3,443190,T,W,2026-02-06,online
e93bcd37-b933-419d-aaa6-70f4659b2cf5,129410,T,W,2026-02-06,online
b94ecd64-ca52-4656-9bf6-708b823d45ec,425335,T,W,2026-02-06,online
0e690ead-8129-4a6f-9bb7-6816ad1f7194,273290,T,W,2026-02-06,online
b98ba1cc-67ed-43cf-940a-fbb4aedb44e6,174660,T,W,2026-02-06,online
cab252c4-d859-4051-b259-538d765fe7a4,333039,T,W,2026-02-06,online
48145620-24b7-4cc2-8862-5221f66b5782,193464,T,W,2026-02-06,online
17321c5f-ff00-473c-8f6b-51918b5898c4,464500,T,W,2026-02-06,online
5ca99519-4b9a-4bf8-8dc9-8bdd628ce983,98098,T,W,2026-02-06,online
4ba3bb86-5e53-4254-843d-0f8380b6d4bd,126486,T,W,2026-02-06,online
3ede8972-35b1-4de4-b3e1-b6328586211a,270488,T,W,2026-02-06,online
807c6a1f-65f6-45a3-819b-4a439660c1a3,62687,T,W,2026-02-06,online
dd3bd8c4-ab42-4e86-b8c2-427fd1153fd3,78255,T,W,2026-02-06,online
7e3038e1-659b-41e2-8100-e43db06d2e19,102643,T,W,2026-02-06,online
74364f84-a161-4778-a87a-e9dae4eea6a8,104146,T,W,2026-02-06,online
36547d45-3ef3-4b61-972f-36603b30335f,275920,T,W,2026-02-06,online
b97ad8c3-a064-4d9b-857f-f21938e0c4ca,438772,T,W,2026-02-06,online
7c96db8c-fc8f-4871-b037-4c304c0913b2,138580,T,W,2026-02-06,online
b6d5a1af-dc06-4677-b121-5ab3381de871,224592,T,W,2026-02-06,online
6ad72ab0-4a4f-49d6-a7bf-bf1762606384,190564,T,W,2026-02-06,online
a58c35c1-016d-40e2-9de1-85d5a324725a,158094,T,W,2026-02-06,online
37e57cca-c18b-4019-963d-aed2e58ff2bb,207613,T,W,2026-02-06,online
5e87641a-5b8f-4b55-902e-0669ef1c856a,75391,T,W,2026-02-06,online
ec652c8d-ef9f-4517-81e1-c294f9db78a4,155622,T,W,2026-02-06,online
f815ebe6-dc65-410a-acfd-6000e9ad201a,328913,T,W,2026-02-06,online
09f408e7-606e-4de4-b038-ab24dbe591c5,283203,T,W,2026-02-06,online
767769a1-dcaa-4d81-909f-e901acff5ead,93322,T,W,2026-02-06,online
1c059f68-67bf-46e6-bf93-04cc3ddce4d9,475900,T,W,2026-02-06,online
62f7a60d-cd8e-4e9a-9a03-83f062b7d02e,497281,T,W,2026-02-06,online
7446dbac-3b03-4721-8286-1bc9447ec1f1,269138,T,W,2026-02-06,online
237ccf98-9457-4e27-995c-910ac9ee206e,288557,T,W,2026-02-06,online
608ea840-ac97-4cb7-afb6-83064c175c83,216802,A,C,2026-02-06,online
94919807-e084-4c26-a262-7b02e62d201a,429173,A,C,2026-02-06,online
c3b305fb-9d07-4475-923d-16f032f2cd67,281207,A,C,2026-02-06,online
e00f9ff6-e1a1-48e6-bb7f-ac91b3c8daf4,276041,A,C,2026-02-06,online
dedb88b3-4917-4352-845e-8e7e995132da,206227,A,C,2026-02-06,online
767ccf26-8e9a-4713-b8ac-5bfabbf8b0ac,363648,A,C,2026-02-06,online
c14c4467-3473-4a37-bd4f-c0865893870d,163047,A,C,2026-02-06,online
c864d404-c48e-45e2-822d-2154274f4584,123428,A,C,2026-02-06,online
46130014-b578-4a94-9688-7d4f6a82f5c8,213912,A,C,2026-02-06,online
e9bd596a-25ff-47e6-a01f-e201d4f50704,165209,A,C,2026-02-06,online
c791d737-d41a-4080-aa17-0298888d7187,132313,A,C,2026-02-06,online
50c26a6a-cfd1-4d86-96a8-bd978ba03311,311701,A,C,2026-02-06,online
db829110-15f6-469e-a15e-1cb0619e22cd,405936,A,C,2026-02-06,online
0fb5dd8a-de53-4892-ae94-b9c7d3deefab,304340,A,C,2026-02-06,online
e5e4dc7e-d9dc-442c-bb65-1edc3ca1df1b,83666,A,C,2026-02-06,online
a9d7c584-01c3-41d0-a2df-193590918a2d,133187,A,C,2026-02-06,online
b79574a3-fd8a-4737-a3bb-3294bb95f52d,285712,A,C,2026-02-06,online
8e651c7c-755b-4c88-b105-57ea1260adb3,441313,A,C,2026-02-06,online
63882a7c-e486-42dd-8fa2-3684de8b1f5e,397115,A,C,2026-02-06,online
8f9b44d3-ed71-4a50-a9b9-4e78a610c5e8,441481,A,C,2026-02-06,online
7b4a61a2-2a28-4dcf-97a0-91a4d3569d37,151998,A,C,2026-02-06,online
1432919c-cc6c-4ed8-bc3d-e1a8a4bd77dc,458889,A,C,2026-02-06,online
720a68a1-c8fe-485a-84b9-2b5d79f86521,45334,A,C,2026-02-06,online
dc5566da-c8f6-4f43-b30a-99c4ee38066d,424883,A,C,2026-02-06,online
4ee37b7c-2ce1-49fb-abe6-a4117ae1bdaf,288425,A,C,2026-02-06,online
48738ae1-f47c-4d2c-b9e9-91d2c2ac4bc5,396426,A,C,2026-02-06,online
616e5b0e-fa8c-4e6f-8ba5-8de8ed991397,93535,A,C,2026-02-06,online
e2351eb4-b0b4-41bb-8de8-1b5206a079af,168309,A,C,2026-02-06,online
f466cdd8-e1a7-409d-b0b1-47940581b7c4,40709,A,C,2026-02-06,online
7cd3c617-16a9-410b-a063-8cb3e1bf741a,386808,A,C,2026-02-06,online
325eb1cf-271e-4ef4-b1c7-4b233c9b5150,182596,A,C,2026-02-06,online
aee1c042-7330-42a4-b9dd-68847ada79b3,396617,A,C,2026-02-06,online
23ddebb0-cb78-4621-a6dc-e665b4309109,25193,A,C,2026-02-06,online
a757e368-68bc-453d-b60a-e02377908092,452015,A,C,2026-02-06,online
4f14d731-0d07-48c8-bd19-c228d8f718ba,72305,A,C,2026-02-06,online
0e924102-75cf-4c65-b5e1-d8e947b8e3a0,81624,A,C,2026-02-06,online
b07edd79-f874-4c29-922b-3fc6bbea9ba2,400142,A,C,2026-02-06,online
f63c1500-60ed-46d0-a3dc-96d3ae6f9b03,159212,A,C,2026-02-06,online
13cf127d-9e34-4a5f-b49f-e659009e5a86,402725,A,C,2026-02-06,online
6cf7683d-6fb3-4ea5-be58-fc41a3245ac0,78823,A,C,2026-02-06,online
1b1a4d58-6bc3-4ec5-ba94-8eb2c6e0e047,361519,A,C,2026-02-06,online
8f030528-da8a-4189-aedb-02b785f32805,452853,A,C,2026-02-06,online
b43c9792-2de1-44ce-b750-e5f48db53064,257619,A,C,2026-02-06,online
d6e1c599-1744-48be-a4b3-233644ec0c08,163369,A,C,2026-02-06,online
c79d42bf-293e-4b5b-a6ea-020465511026,347161,A,C,2026-02-06,online
474573ea-f510-4d01-bcb0-95e3ccbaaf56,331101,A,C,2026-02-06,online
378f2f52-3b93-470a-8db1-0d828ace6cc6,112202,A,C,2026-02-06,online
632b49cd-4604-4263-b960-17ea4ee7c7b0,396694,A,C,2026-02-06,online
a2ae5ebd-901b-4a45-bddd-79d7e4f466b4,345501,A,C,2026-02-06,online
a1230ad5-90f2-495b-9b75-7c1cf472b1b8,89043,A,C,2026-02-06,online
a4faf17b-3f08-46a2-b560-4dada99bc83e,285092,A,C,2026-02-06,online
cc9e1473-44fb-41a3-a26b-239b0d55a5d4,243658,A,C,2026-02-06,online
c984902a-1d50-44b9-8e3f-84e33ad0a80e,246765,A,C,2026-02-06,online
e826054c-3b3c-49f6-b4d2-585b7e938c7f,36607,A,C,2026-02-06,online
b47d08df-a874-4332-a6c3-34a2b2cee68d,115775,A,C,2026-02-06,online
1603277c-5e9a-4751-9740-97380e617226,28115,A,C,2026-02-06,online
2137f866-2b49-4ead-83a0-2f6e3537d036,183880,A,C,2026-02-06,online
80a81bef-2ef2-4da0-9157-e2c0bb7fb2f5,223385,A,C,2026-02-06,online
9d75c75e-3b49-44f3-91c9-eb5a10a8d4b5,4933,A,C,2026-02-06,online
c5ad3fd8-9276-4751-993d-a87d2ce940d8,431450,A,C,2026-02-06,online
b73f43d3-b68f-4910-9edf-b909af267668,117603,A,C,2026-02-06,online
c61ed959-d2e0-4c96-b094-3b4074b3874f,314822,A,C,2026-02-06,online
74acb2f2-ced7-4771-9599-7954d2e299c8,62038,A,C,2026-02-06,online
e88c588e-1142-47a6-a91a-31bf58be7a65,298692,A,C,2026-02-06,online
df0bd69b-7328-40c0-99b9-3176e019120b,407850,A,C,2026-02-06,online
e9403ed9-1018-4842-8ab8-f9044876c07e,288905,A,C,2026-02-06,online
0c78b453-14dc-4e23-a624-b993b63f699e,64641,A,C,2026-02-06,online
30232d1d-6807-4bb7-89e2-f1602f7ca718,112613,A,C,2026-02-06,online
619ca78b-e4ca-4de2-b5a7-aa5ccb67a12d,278977,A,C,2026-02-06,online
6c321bc1-d793-40fe-bb3c-9ffb5d75cc39,223738,A,C,2026-02-06,online
f8cbd0ab-0ecc-4fc5-a572-2676c4993de9,312533,A,C,2026-02-06,online
5bee11e4-2231-4e9d-a629-229fdfc3b947,443356,A,C,2026-02-06,online
ac749ece-96f3-48bb-8d0a-da43aca9fcf0,13544,A,C,2026-02-06,online
f7df5082-e092-4b6a-9135-653789e8ab14,390865,A,C,2026-02-06,online
0005790d-fb85-48c6-a927-d1951d3127b7,102310,A,C,2026-02-06,online
8c411de2-5551-4cb5-85c7-64d077beb8d0,87523,A,C,2026-02-06,online
dd18e527-9d03-46ae-a029-8f5ff64461a2,390548,A,C,2026-02-06,online
b4303e17-629a-47cc-94d6-ab5eb1960679,398054,A,C,2026-02-06,online
cca04e19-a1a7-4d71-b3da-b7a03e5f1427,413113,A,C,2026-02-06,online
00c87aef-00a2-4a99-ba00-ff42be030ac0,357004,A,C,2026-02-06,online
3b01e386-75f7-4080-897c-301156662915,491037,A,C,2026-02-06,online
35bb898f-a7fc-439f-b7d9-c96fec97be06,115912,A,C,2026-02-06,online
c9e4c3b9-17f5-4fa9-b07c-babc1f3d6258,5949,A,C,2026-02-06,online
c37449d4-9603-4cd9-a31e-7a9bcf7bafa0,27606,A,C,2026-02-06,online
8e9d73ff-b34a-426f-a9cd-9a48d6adf11d,372225,A,C,2026-02-06,online
ca5ebb78-7a18-4299-953d-dc875dd6d25e,137205,A,C,2026-02-06,online
498b863d-74c6-46a0-a9cd-18480889de26,66841,A,C,2026-02-06,online
02879d66-ed88-4eaa-a914-cef1e9003fe3,444804,A,C,2026-02-06,online
0660c991-634e-43b6-92ed-e91454292687,431939,A,C,2026-02-06,online
ab38e410-c380-4f8a-8b8c-5929dea5d690,245556,A,C,2026-02-06,online
7758cd86-ac7d-47d5-9ff7-047a387c461e,266904,A,C,2026-02-06,online
e2c5cf9c-d5f3-4b0b-b5be-7ec2262efe4e,37866,A,C,2026-02-06,online
8f291d8c-65fc-4062-a17d-70c33962cf0f,179583,A,C,2026-02-06,online
784c6f11-bccc-4fff-bd1a-06dbb1b44fb0,11885,A,C,2026-02-06,online
07ce1b72-92a1-44f8-914b-feed0ddf52ee,436919,A,C,2026-02-06,online
286d421b-bd69-4f7c-9990-df6c65e6baf0,396585,A,C,2026-02-06,online
b022a167-2a0a-4aa3-8e93-3d8b34bf342e,376980,A,C,2026-02-06,online
5f6a4a83-49ce-4bd9-b9ef-604809216708,177125,A,C,2026-02-06,online
8a29ff18-4470-40df-bec6-8e9627bd4131,85738,A,C,2026-02-06,online
dc0af4ff-9e06-4efa-9d12-ec245e01cf4f,412283,A,C,2026-02-06,online
3242deae-57cb-401f-89a7-338c9b4fe065,42392,A,C,2026-02-06,online
4d9a6008-84dc-4305-ac7c-b48f3ef6461d,474068,A,C,2026-02-06,online
ac896637-1599-4074-aa53-a8c959ec53c5,125049,A,C,2026-02-06,online
9a7d8d7f-c577-4537-a975-9bcbef1b0906,145308,A,C,2026-02-06,online
31ce5cc5-0db0-489d-95a1-7a0765892bd6,83686,A,C,2026-02-06,online
0382b24c-f426-4d0f-8189-7ef29feb9ee5,455875,A,C,2026-02-06,online
c6893fc2-2905-453f-b5f5-2a61576a196c,195201,A,C,2026-02-06,online
3f3cdabb-af9c-4652-bf72-bdf905f7dea7,219217,A,C,2026-02-06,online
6f7efccc-a6a2-48c3-9a97-3f7302362109,104805,A,C,2026-02-06,online
608df6c0-7345-4087-af20-2301fe893727,389619,A,C,2026-02-06,online
2f2def75-a30c-4a3e-9e5d-3e419cdb58a7,201037,A,C,2026-02-06,online
08d43cd0-6d13-47e8-a4aa-6c1913ccf61d,278492,A,C,2026-02-06,online
1634bb6b-5849-4cd4-8d3e-ed2f3410597e,458727,A,C,2026-02-06,online
1534d9e8-725a-4737-9789-c5915ed3e0d9,423805,A,C,2026-02-06,online
bac373fc-60eb-4bc6-b3f5-160f5dc8e5e6,217245,A,C,2026-02-06,online
1883574a-c997-4ef0-822e-0e6a4c7be80b,494072,A,C,2026-02-06,online
2bff53ad-5bc3-4370-ada0-6c232d3404ee,82589,A,C,2026-02-06,online
4797705e-1705-4a16-befa-b13ee793c3cd,42085,A,C,2026-02-06,online
85e11329-8e18-450b-b239-f662c5b0761d,234484,A,C,2026-02-06,online
db3cbfec-8f3b-4fb9-8f1f-6499261e6545,447519,A,C,2026-02-06,online
01f3b9fa-0809-41ad-b214-96f20ba70e42,58176,A,C,2026-02-06,online
b52d8fd1-2b38-42d7-9017-f6c8b46b620d,114571,A,C,2026-02-06,online
deeeb87b-3158-441f-b386-8f8d20ee71ac,83722,A,C,2026-02-06,online
bb3ab024-1164-47e9-95d1-03e95dfe9b56,179460,A,C,2026-02-06,online
15c96e0d-42bc-4f4b-a20e-08e513c76697,362515,A,C,2026-02-06,online
eb6375b0-c871-4d5e-9b98-8045bd187393,419740,A,C,2026-02-06,online
9f03c7e0-b6c8-4ab0-9487-700d9f0afe16,455820,A,C,2026-02-06,online
63d7ea1e-5229-46ce-8a89-c53410c8425f,178542,A,C,2026-02-06,online
4aa0dd63-5c00-4f4f-acdd-2387ea1a8181,405847,A,C,2026-02-06,online
87d041c2-176b-481c-95da-ee789adec513,226046,A,C,2026-02-06,online
e28da32b-0ec6-4094-b2fe-55df45b610a3,338391,A,C,2026-02-06,online
166d9119-1bca-49c7-b4bb-118f79c4ce97,82517,A,C,2026-02-06,online
26c05053-283d-4232-bb58-33ccc8e54bc4,249272,A,C,2026-02-06,online
729e8856-2595-438e-8124-428f2f224451,265637,A,C,2026-02-06,online
39425008-c441-4168-9a19-49e92ff7c59c,80567,A,C,2026-02-06,online
9bc93e99-341d-4ab5-b722-0c8e4652085e,61797,A,C,2026-02-06,online
3efe99a8-5d56-41c1-9181-4f668a59e089,108127,A,C,2026-02-06,online
bd8bee7c-3e0a-4b90-8b3d-b1a36cb728f8,338789,A,C,2026-02-06,online
0722a78e-df7a-4a6e-9d59-5cd521eb991a,105792,A,C,2026-02-06,online
6cd2cc01-4b62-4a43-bf60-28990255a094,83811,A,C,2026-02-06,online
206b7571-de02-4e8d-a8a9-39aeb1f19032,281863,A,C,2026-02-06,online
3af4f515-f2b9-4f54-affc-281cea8e74c5,121344,A,C,2026-02-06,online
a8511ec0-4cd0-4243-a3d6-d476218f2343,411147,A,C,2026-02-06,online
3ff5c6f3-a3d6-4c26-ad32-598961e1c0bb,239051,A,C,2026-02-06,online
4d07a853-4cd6-43d1-8d62-015f7b07a939,123406,A,C,2026-02-06,online
df814451-ea70-40c7-a54e-8c266a87372d,283554,A,C,2026-02-06,online
950ed26c-5eaf-4262-a31c-d722091c888a,8492,A,C,2026-02-06,online
3af7ffcc-1040-4cbc-a202-dd828e6c64e3,69885,A,C,2026-02-06,online
4ddaf0a5-be1c-4203-8740-62fc98ea2df3,479582,A,C,2026-02-06,online
024f1bbf-89d3-4c4c-a66b-9d82eb861570,114278,A,C,2026-02-06,online
ce2908f1-d109-4622-bee3-33d88de7f5e2,340595,A,C,2026-02-06,online
fd6b0b2e-3797-45c5-86ab-39beb982d539,430330,A,C,2026-02-06,online
69738b00-6dc8-4021-94ee-9bd007c43842,53164,A,C,2026-02-06,online
18e81a1b-da27-4840-a0d8-ca887b1a7614,334313,A,C,2026-02-06,online
171dfe5c-85bc-4410-9a6b-f57e4a692b88,229279,A,C,2026-02-06,online
35935809-318d-4961-927f-f604b8b3ddde,61135,A,C,2026-02-06,online
c1731de2-f5fb-4314-8037-6669b455933b,279086,A,C,2026-02-06,online
1768c5a3-786f-44f7-9ec7-36bd70b40682,428646,A,C,2026-02-06,online
0e95f99f-5908-4186-8be3-76d8a1f2e650,247580,A,C,2026-02-06,online
63484d64-55f0-4a1a-92ad-7b834a609e90,14003,A,C,2026-02-06,online
9e4f711c-35c3-439e-af33-8184aa991234,166495,A,C,2026-02-06,online
dc0bcb6f-bcb0-4f78-81cd-2806e10aba30,329174,A,C,2026-02-06,online
98609c8e-a7cc-4a5b-8d0f-85dafdc3821d,256227,A,C,2026-02-06,online
42cf72dc-79a2-4d4e-b877-c60a5c8266b6,305310,A,C,2026-02-06,online
e984871b-a8ed-48b7-9be8-ab7840f6b6a3,232413,A,C,2026-02-06,online
81263a8a-45b3-4be7-b628-50dd1c5adbec,69332,A,C,2026-02-06,online
7a03ce3a-b1aa-4060-818b-21dee9940ac5,189820,A,C,2026-02-06,online
bf4ee306-6b96-48e6-809b-59cb8d227394,253082,A,C,2026-02-06,online
9a83068b-6d50-4ad0-9664-64bf9eff58c1,266294,A,C,2026-02-06,online
d576e321-8746-435f-8cf4-761acfc0b711,261090,A,C,2026-02-06,online
76f21234-fd12-40a2-bb4d-8fb6b6a24651,371609,A,C,2026-02-06,online
d101fb94-f254-42ca-9377-0899f18204b8,393296,A,C,2026-02-06,online
076b959d-0ebf-4779-accc-0cfd53bdac90,399179,A,C,2026-02-06,online
6ca1a910-9e72-4155-9bf2-b8562b58e83e,480820,A,C,2026-02-06,online
6c2f24d3-76a4-470c-b860-bcb4548398ec,211382,A,C,2026-02-06,online
ef77a774-fe3f-4145-8ce4-19ba718808c0,260872,A,C,2026-02-06,online
ce182c76-acd7-4428-b5f6-638a3f3ff0ab,365855,A,C,2026-02-06,online
583a1daa-81c9-4667-8948-850079af9675,464656,A,C,2026-02-06,online
d4f69d2e-1ea5-4f29-9f2f-477cd0e20cb3,499852,A,C,2026-02-06,online
e9b26864-c792-4fbc-8f76-183d3cd878ac,222836,A,C,2026-02-06,online
36b4047a-844c-492c-ad03-52cc7a7eecbc,433361,A,C,2026-02-06,online
413843d8-d81b-4eda-a16f-3a5df7ea5c93,50125,A,C,2026-02-06,online
afe73d7f-49c0-4b1b-abbb-cc91bf994f63,304695,A,C,2026-02-06,online
fcde1fc1-33cf-4fee-bf2b-b4e1cddb078d,198116,A,C,2026-02-06,online
d58b0799-f927-404d-9838-7d25451aa270,198275,A,C,2026-02-06,online
ddf1d94f-811a-47b5-860c-e7e77f00e89a,143750,A,C,2026-02-06,online
22b59962-4abf-4572-8140-17e8562786c4,480558,A,C,2026-02-06,online
bef8e2c2-3125-4606-a76b-4f4e9135aa98,400883,A,C,2026-02-06,online
b58a993d-2ba6-4c0f-8a52-214a1aee0868,263864,A,C,2026-02-06,online
18b384f6-1026-4637-9af8-f8228a67d3a3,159797,A,C,2026-02-06,online
269e9b40-60de-4e7d-a538-a79e341c07e2,203026,A,C,2026-02-06,online
69779e8a-cab5-41ae-a38c-d903f8905d02,443707,A,C,2026-02-06,online
eb08e8ae-467e-4cec-898d-d09ba9d277b6,131617,A,C,2026-02-06,online
8693bf03-be3b-43e2-b13b-b383a46d0d34,491247,A,C,2026-02-06,online
0fb2b9cc-240f-4bfe-88ef-190ca3682225,93058,A,C,2026-02-06,online
606d9263-30b7-4f53-87af-4870acabeb5e,372411,A,C,2026-02-06,online
1c197209-7043-4a3e-8ca3-26106ae25b0a,88050,A,C,2026-02-06,online
31c243d7-076b-4950-8cb2-504975cc9ae7,84324,A,C,2026-02-06,online
3a7ee7ef-f35c-416d-a224-07216ffe1d15,469381,A,C,2026-02-06,online
f14c3bbf-291a-423d-94b3-5acd1a27fc78,399610,A,C,2026-02-06,online
7d7a76c8-2984-4aa9-9893-a16e9003e1f7,1093,A,C,2026-02-06,online
f05c9e86-2089-40f9-94fb-be2da6cfd5ca,390626,A,C,2026-02-06,online
1c1442d2-afa2-4c3d-822b-665d53630caa,171576,A,C,2026-02-06,online
6745592d-88d6-4d7e-af53-a27b75911631,57275,A,C,2026-02-06,online
65fa9592-dfc3-498a-9dd7-eaae2ecd54ee,238762,A,C,2026-02-06,online
0d70cdf4-fa0b-44bd-a655-3ccf6745bd00,274472,A,C,2026-02-06,online
84baf208-c343-40aa-910d-f2d4935df572,380515,A,C,2026-02-06,online
56e24232-446a-4542-a728-6050dadcd43a,342552,A,C,2026-02-06,online
7846a79c-ac21-4aa0-ad90-c495199a4958,352304,A,C,2026-02-06,online
5f79f75b-d902-4064-90ce-6a4cfff3d232,89917,A,C,2026-02-06,online
d22a975d-9fb8-4010-81da-3901c088d46c,329616,A,C,2026-02-06,online
dccff583-9313-42a4-8f56-01c3c05dde2c,61099,A,C,2026-02-06,online
dda6eafe-1d74-4411-9d9c-0493b80e2c60,222262,A,C,2026-02-06,online
f5a6c76a-c332-45a1-943e-835b16ce9f44,267569,A,C,2026-02-06,online
b474462e-7168-4e5d-9b8a-d85d152af1d4,78007,A,C,2026-02-06,online
843864dd-4e5a-4fa2-8df3-8f5e6987ca0e,269401,A,C,2026-02-06,online
240f44de-531b-4b76-bbe8-f5de124fb082,430373,A,C,2026-02-06,online
f95cb4da-56b5-4510-8651-d00e1b68c68f,321625,A,C,2026-02-06,online
72af0264-507b-4654-b40a-99a9f15468e6,384991,A,C,2026-02-06,online
73419298-4401-4972-b5bb-df3bf11a8562,346990,A,C,2026-02-06,online
660aa90f-3346-4786-b45a-227b4135750d,202857,A,C,2026-02-06,online
38ccf154-0222-4892-a310-d7d18723fc1f,328126,A,C,2026-02-06,online
e287a011-4135-464f-b35a-1467390ba681,394920,A,C,2026-02-06,online
5a54fc6e-cc29-4de7-804b-4c148c463a37,345694,A,C,2026-02-06,online
761939f1-42df-4a0e-a644-2f397393a5de,213375,A,C,2026-02-06,online
14c9f833-9123-4fc8-9dac-7630ba0f64e4,192009,A,C,2026-02-06,online
fd9fb202-e160-4025-b743-79c05809ee18,231363,A,C,2026-02-06,online
3debb0a1-985b-4245-b22e-83be097ac166,168303,A,C,2026-02-06,online
99f61a36-723a-4e9f-8335-ec266381d9f5,233799,A,C,2026-02-06,online
7ab882ff-b0a1-4987-a671-bec3580c4b3b,181703,A,C,2026-02-06,online
f2a7d162-473f-44df-a6b7-37652162b2a6,330138,A,C,2026-02-06,online
7d7f0432-724d-47ef-9660-afb04ee0d76b,488445,A,C,2026-02-06,online
960f3cbc-e34a-4768-ab8e-8f27e9688115,308657,A,C,2026-02-06,online
2bbbba63-ab06-4479-ac29-a86dd86a9a34,219296,A,C,2026-02-06,online
491e57b1-d9e7-48b3-ba9e-b3fedf0fb79c,246642,A,C,2026-02-06,online
dc4721a8-2e4b-46fa-853c-48bbe0950dd1,382068,A,C,2026-02-06,online
27f56264-ca57-463a-91d9-6ae2e141ca8c,440250,A,C,2026-02-06,online
f07a1765-8117-4804-aebe-f7b5e82ea650,96331,A,C,2026-02-06,online
169de359-9f94-437f-a7ee-58de8122a2e4,346949,A,C,2026-02-06,online
9cfc179e-3cc0-4da9-84b8-a11f8fd65775,263750,A,C,2026-02-06,online
9413cf87-346c-467e-9be7-16ebe5012631,197127,A,C,2026-02-06,online
c643e18a-c6a8-48d3-a94f-a713d87babcb,393547,A,C,2026-02-06,online
65e3787d-5da4-4ed9-9c2b-6b36e8428b1c,255470,A,C,2026-02-06,online
7c1d1edd-e028-4c58-b725-f0ac156f16a7,161144,A,C,2026-02-06,online
296eaa23-e4eb-405a-990b-5cf2951a8d8c,201678,A,C,2026-02-06,online
969eb433-7b24-4b71-991f-8a176ef3b753,217102,A,C,2026-02-06,online
ce0b7740-c2b9-4301-9e2b-59ad18ca27f6,99032,A,C,2026-02-06,online
d4d9ec14-4306-4f6d-9f13-b29abb9ea533,288433,A,C,2026-02-06,online
a26bd105-bf23-4bde-8897-59fd18dc6c6a,264011,A,C,2026-02-06,online
25c3929a-9a66-41dc-8f33-ba8a39e83848,269532,A,C,2026-02-06,online
1d1247ce-3444-4593-908b-488ead5d7943,258953,A,C,2026-02-06,online
3dbbc011-9d0d-415a-8a15-eef60a6f709c,461338,A,C,2026-02-06,online
501c6450-d32b-4124-b61b-14f0a4e82bc6,232004,A,C,2026-02-06,online
f0aa7b40-572e-4877-9efc-25bb3e4c8713,194204,A,C,2026-02-06,online
e5dd760c-1d1f-4ea5-988e-2e3b03b4817c,440075,A,C,2026-02-06,online
f0a79d38-5262-437e-a9ea-489303921a02,85492,A,C,2026-02-06,online
c24f6a13-8d14-4be9-b4a9-4d162725c511,358646,A,C,2026-02-06,online
cd72c266-00ef-4446-926d-ae0466259e95,333799,A,C,2026-02-06,online
8274c602-c29f-4da6-853c-3bb30431a4b9,310502,A,C,2026-02-06,online
b4a88e26-ad25-4a5e-94b3-a8e17b24b495,14953,A,C,2026-02-06,online
0fcf9b0e-ad01-4be9-a9b4-a1991d4452b4,315464,A,C,2026-02-06,online
4747a3fe-7837-4e53-9e97-2dd8fe3ead13,473378,A,C,2026-02-06,online
2d5eec02-8ed6-4412-b32b-1bc0c986289c,483526,A,C,2026-02-06,online
e00a4dd9-6738-4aa4-b01e-9507d8177b9d,371329,A,C,2026-02-06,online
258a79fd-48de-4381-98ba-d1e18549fb72,256708,A,C,2026-02-06,online
c0aa7c14-1d8f-4c96-b461-05b15b44b6c8,103306,A,C,2026-02-06,online
ce41e09c-f65a-402d-866d-63c882ed3ac3,442314,A,C,2026-02-06,online
0d2291d3-89f2-4e8e-b566-3af710c5a51b,46195,A,C,2026-02-06,online
9a672f51-2d16-4340-abbd-94ca78dea9d7,350528,A,C,2026-02-06,online
45a6dafc-a04c-4531-b000-9fefb684682d,363997,A,C,2026-02-06,online
a5da3b6a-b8dd-484c-ac9e-05897530c390,221918,A,C,2026-02-06,online
69feb59c-6e1a-407f-9fc2-746de2ee0098,95019,A,C,2026-02-06,online
951ccf63-4c34-4eab-b5d5-cd2ad4a19de3,153631,A,C,2026-02-06,online
ba6ffe61-f4dc-46f0-ae72-97090abaea6d,438583,A,C,2026-02-06,online
abd7abd7-2a53-4dc3-8a73-fd018d30dcc9,86592,A,C,2026-02-06,online
61c2346d-56ae-41f6-87c6-babaab101ebb,86289,A,C,2026-02-06,online
9e70f9e2-cc1a-45a8-807b-8aed52bed780,466995,A,C,2026-02-06,online
aa5633d2-b56f-478d-b957-0d0ce4086711,67736,A,C,2026-02-06,online
acfd2452-c7c0-40e3-bb6d-62efbadfe5ba,414450,A,C,2026-02-06,online
c19814a3-adc3-4b5e-923d-e5861f304881,472823,A,C,2026-02-06,online
a68a1d84-8df3-4a8a-aa11-a515d27d494a,9660,A,C,2026-02-06,online
19ad537e-98aa-41ae-a0f7-c78e8970823e,26155,A,C,2026-02-06,online
011e0553-f873-48d5-8992-05a81368a640,76083,A,C,2026-02-06,online
3513e0f2-ce3b-4ed8-ae1d-47d66826a37e,158067,A,C,2026-02-06,online
b4144c98-e147-4fc6-b956-3a709ac2feba,428046,A,C,2026-02-06,online
17a930e3-e6b1-4c85-ac3e-0019331b69a5,427334,A,C,2026-02-06,online
1b00c1df-6bff-4f50-8cad-78b49e4f8e68,66134,A,C,2026-02-06,online
8c52faaa-57cc-4cfa-9001-bd9f75765578,9155,A,C,2026-02-06,online
ff10a5d2-f5b9-4909-8c54-b31c1b06dc69,482101,A,C,2026-02-06,online
98fc0050-3b23-4e81-a148-da4f94699e6c,340410,A,C,2026-02-06,online
de21d1dc-a3af-4063-8be2-b0666513ad4a,265220,A,C,2026-02-06,online
00a7c841-4b75-487d-8ced-04d86f92f7a4,172409,A,C,2026-02-06,online
a567dc95-eb6f-4541-b3b3-6fedda12b2b1,12954,A,C,2026-02-06,online
4c08a2d6-9d75-4ba4-9708-6a038df9abfe,447193,A,C,2026-02-06,online
5d0b48d6-5f67-453a-8c8c-9ac02f3bdb14,311267,A,C,2026-02-06,online
0f7b9c94-95b7-482e-9a5f-76a9aaa6eccc,146279,A,C,2026-02-06,online
9f5f2522-2d34-42e4-babd-c96919dc29fa,103849,A,C,2026-02-06,online
d9e98211-0f0e-4e9b-a1c4-4d48087e7f52,483934,A,C,2026-02-06,online
d8a761b8-f07f-4179-bb1f-8d070913490e,117219,A,C,2026-02-06,online
8a9ac439-4923-4baa-9541-5abe8c842f0d,45520,A,C,2026-02-06,online
c1445b03-f0c2-4975-adae-537cd98e72bb,20712,A,C,2026-02-06,online
c5047599-0513-4234-9efa-e7d24a09c479,286313,A,C,2026-02-06,online
75a6e0bb-568a-47fd-a682-dde213dc548f,383395,A,C,2026-02-06,online
6023b118-b174-4858-b075-f7af42dc3dd3,173490,A,C,2026-02-06,online
9fe0d65b-4332-4f97-b797-0d9afd205621,434926,A,C,2026-02-06,online
c7e5d57a-7caa-4905-b8b4-422858d42cb6,201505,A,C,2026-02-06,online
b4dc1939-4988-467b-8a7f-796bbdde63e9,83552,A,C,2026-02-06,online
4671b3d2-fccc-4b84-a027-64cca686dd7d,491700,A,C,2026-02-06,online
b5d1b355-ad1f-4592-b8a1-641505abc820,89124,A,C,2026-02-06,online
241377c0-d0c6-43cb-ba3f-153d2222c341,346611,A,C,2026-02-06,online
3f8bb8bf-1d91-4fd3-b7e4-adec55cc94a4,394294,A,C,2026-02-06,online
dc1b7175-9874-46c0-ab4e-cbcf52181ad1,446810,A,C,2026-02-06,online
30ad6a0f-4045-4a89-88a5-8f79f307fecc,281027,A,C,2026-02-06,online