id,ticketNumber,firstInitial,lastInitial,purchaseDate,entryType
589ae495-9834-4755-b198-109710ff8882,494654,J,P,2026-02-05,online
4c08f4d6-a890-421a-a95b-aa6491089e1c,374787,J,P,2026-02-05,online
bff80de3-1703-432a-bcd2-3d1d3bf66eba,482065,J,P,2026-02-05,online
c83cc812-0de0-43d4-8090-ea9945de95fe,279941,J,P,2026-02-05,online
e48cf974-c5ff-48f3-b386-df4fe96fccaa,97469,J,P,2026-02-05,online
809dfd45-0a5c-4078-8407-c7f712e36b80,62948,J,P,2026-02-05,online
56db4a19-f927-42b7-b2c0-3d3fcd5b4985,288410,J,P,2026-02-05,online
ec6bc985-19dc-4ba6-95dd-e739dfe38b62,430922,J,P,2026-02-05,online
9e8ec719-7a59-48b2-bfbb-6399d098b230,178460,J,P,2026-02-05,online
631aeb0a-0d5b-4dbd-a413-6e438ce71020,73241,J,P,2026-02-05,online
61838552-4a60-44d8-8a42-5b6a7d5186f3,208672,J,P,2026-02-05,online
a6efc84e-431d-4f9a-8a42-46e72c1df989,255228,J,P,2026-02-05,online
b6176706-0d8c-48b8-ab8c-abe810dcf336,321948,J,P,2026-02-05,online
6f8a0c96-c94b-483b-954d-19870b91baec,116043,J,P,2026-02-05,online
24c9edba-c39a-48de-b5df-0ca692b3a305,191773,J,P,2026-02-05,online
6bb17192-2085-4032-8b23-b41fb0a3d685,179350,J,P,2026-02-05,online
ce585cfe-b588-48e6-b764-072a399061a7,473229,J,P,2026-02-05,online
cc3a7314-94bc-4746-b446-c8f59dd5954c,40611,J,P,2026-02-05,online
cb76aaa4-9115-48ec-a711-962e759e38f1,345153,J,P,2026-02-05,online
ae9ce60c-2c6e-4a24-89bc-453df69561fb,267927,J,P,2026-02-05,online
e1c51a31-293f-4c8b-8211-0784def4f8c9,84111,J,P,2026-02-05,online
03fb1dd0-71f2-4335-b567-ad3d7d925219,38083,J,P,2026-02-05,online
84dda3ba-0c6b-44be-bef7-4475c914ade4,47597,J,P,2026-02-05,online
7a7a552d-1c05-42e5-b8a0-5c82c394617b,382917,J,P,2026-02-05,online
a7947c76-aac8-4ce0-a1da-4c71c0487da1,425318,J,P,2026-02-05,online
f2d1172c-6445-4ad5-8deb-a761b5fa9d1f,62604,J,P,2026-02-05,online
4cd3beba-e8ad-4afd-8deb-d50eb673ce28,418624,J,P,2026-02-05,online
107e3c5b-9ebf-4892-9cf1-5d828b36cd40,164467,J,P,2026-02-05,online
98f984ee-1f2d-48f1-9b8e-311cae393be8,122300,J,P,2026-02-05,online
b4c48edc-576b-42da-a29f-b06f257f4db7,400261,J,P,2026-02-05,online
ec67cd23-739c-41eb-9f25-fc1be1b48b09,279410,J,P,2026-02-05,online
bd4f36d5-dfec-49c5-be59-170cc77b880f,497930,J,P,2026-02-05,online
ea7bf46d-9074-4064-8553-b15e203d214a,380375,J,P,2026-02-05,online
93514c99-da44-40e7-aad8-91f523a59757,431667,J,P,2026-02-05,online
752a7c06-5cd4-4f93-a603-f9531938902c,334331,J,P,2026-02-05,online
0bd715a7-99ab-48f8-aa26-80b540fc26a2,163467,J,P,2026-02-05,online
aaf32b58-2111-4be9-bba4-2584f111d530,152672,J,P,2026-02-05,online
de14c224-9821-49da-8a53-602b513f58c3,489477,J,P,2026-02-05,online
dd43bee2-bed9-4873-a084-c970bf4fc711,380020,J,P,2026-02-05,online
02116ed6-4d65-4085-a579-dfba804671af,423688,J,P,2026-02-05,online
d1f9866f-8067-4890-b805-88a1e69d0546,298589,J,P,2026-02-05,online
4c36b3e8-3540-47d5-97cd-9e1824a4edfa,225653,J,P,2026-02-05,online
e4c2aca5-fccb-4114-b7a1-71b785efd123,75739,J,P,2026-02-05,online
14032c2f-55b5-4056-864f-d8a65c487b79,145607,J,P,2026-02-05,online
5bc11bef-76a5-44e5-86a0-69d09052e0d4,37308,J,P,2026-02-05,online
f0565ea6-409b-47cd-86fe-bdded01766f8,475055,J,P,2026-02-05,online
f544bb27-764b-4c65-803e-a342697e1161,135536,J,P,2026-02-05,online
4b219c61-f3c6-44fb-b5f6-58f42907e2ce,361511,J,P,2026-02-05,online
aafcc5bc-13ea-4925-94c3-23d67cec9d1f,163087,J,P,2026-02-05,online
3c97d2af-1332-4430-a611-50394d1f83ec,353335,J,P,2026-02-05,online
5d94a456-0b89-4c57-a072-f90dddd89041,341850,J,P,2026-02-05,online
7ebb791a-36be-452a-8abe-9cfa0c92a662,498926,J,P,2026-02-05,online
a5403cf7-9f54-4c58-9a06-2e2bb24f734e,101428,J,P,2026-02-05,online
8500d1f5-f881-4c5c-800d-27c917ffb635,362800,J,P,2026-02-05,online
75f77fdf-a7de-4b68-8012-659abc092154,195292,J,P,2026-02-05,online
9c7c2bdf-25b3-4661-9f33-5149a7bd4e88,214450,J,P,2026-02-05,online
aaf77509-73fc-4ff6-a8a5-3057cdb6db2b,242199,J,P,2026-02-05,online
bd6ff6ec-eda8-4872-8a64-050b7d57236f,1219,J,P,2026-02-05,online
07f95c45-39e2-4741-83c5-e6888f6a2533,210728,J,P,2026-02-05,online
48bca5be-03b1-44d3-b0b3-1f430c7f78fe,270361,J,P,2026-02-05,online
95b59cef-d903-4e2d-9a13-46fcab70d0a9,432707,J,P,2026-02-05,online
4f293481-f920-4d8f-837d-5df9a69906d0,361959,J,P,2026-02-05,online
3fe3d7a7-2d93-4da4-81ad-cb5b0bf63079,355769,J,P,2026-02-05,online
e292ffff-62b3-4ff9-a52a-b339bd560550,277976,J,P,2026-02-05,online
a5f33a30-b6b9-4bda-bd01-5ca5e3131e29,118061,J,P,2026-02-05,online
655225af-1069-4c92-a322-88b604108691,96607,J,P,2026-02-05,online
77e7f271-24b5-4457-ab86-664e90aef4f0,408138,J,P,2026-02-05,online
2638a694-5abc-412f-bf44-06b0e603ea99,468893,J,P,2026-02-05,online
5ebe845d-7104-4013-8e59-52d7c3c8b5af,137679,J,P,2026-02-05,online
eafe3320-7725-4d08-98f0-cd794f814f7f,66999,J,P,2026-02-05,online
ca513118-99e4-417c-8def-2a6d681c84da,280318,J,P,2026-02-05,online
3e22d1be-ebb5-4532-bf0d-b3a8bf915815,293226,J,P,2026-02-05,online
c2214fdb-b0c8-4858-ae92-2b9cff5e161f,440578,J,P,2026-02-05,online
74518952-85ea-4b7a-a06e-132d53857fa0,298174,J,P,2026-02-05,online
93314879-aec8-4d18-97eb-7337c516a53b,360936,J,P,2026-02-05,online
babbf3e9-02c5-489c-8ce6-479dfe785b9c,423731,J,P,2026-02-05,online
b57403ab-8d37-4e21-aed0-c4680bea0403,75545,J,P,2026-02-05,online
49390bab-9503-41f3-8641-40aefd9b3374,101618,J,P,2026-02-05,online
b4b1f032-fae2-4805-8686-b17f6f47433e,241356,J,P,2026-02-05,online
a9155ff1-e565-4006-a263-67ee797e0305,249626,J,P,2026-02-05,online
57229c37-64bd-45d7-80a5-05dea299898d,41333,J,P,2026-02-05,online
65870296-b82d-4c13-8a90-5854012ba7d8,442025,J,P,2026-02-05,online
eb82b9ae-7eb2-493e-8163-d4e7009af8d9,379692,J,P,2026-02-05,online
2540ecf5-7d6d-41be-b3fb-f243143ce991,83959,J,P,2026-02-05,online
c15813e9-6aa9-43c6-8a7d-cf2c729606be,363358,J,P,2026-02-05,online
f2d9ee22-feba-4add-a1fd-fb8002782530,467831,J,P,2026-02-05,online
e3580e3b-03c7-4575-a469-9636a9498f17,304392,J,P,2026-02-05,online
81ddf787-6419-4e70-86ca-04bc89880782,361482,J,P,2026-02-05,online
3d58638f-75ae-4be7-9728-136f4f2ad79c,136427,J,P,2026-02-05,online
c8938676-9e93-43bf-b92e-33bbf21cd05d,181323,J,P,2026-02-05,online
d6e6f81b-3a63-4abe-bfbe-82a84f6c8951,454220,J,P,2026-02-05,online
750868fa-418c-4254-be0e-f91a746714d9,269644,J,P,2026-02-05,online
782d8f3e-662c-4510-88ad-27bc0e4d4e11,366973,J,P,2026-02-05,online
fdfe74e2-3fba-423e-8bcc-ecef293a59a5,75502,J,P,2026-02-05,online
c1110d91-b83a-45e3-a766-e6bb96e96ace,301094,J,P,2026-02-05,online
47924b9b-3ffc-4407-9e35-5c735c3908e2,340631,J,P,2026-02-05,online
84808fe7-d35f-4fa3-9a84-826fd1e07561,446677,J,P,2026-02-05,online
cda8995b-f9d1-4a87-94b9-4057035ab1f4,160698,J,P,2026-02-05,online
6e7f3e59-bbb7-4800-8d56-2e1afe47aedc,348669,J,P,2026-02-05,online
d161a1ad-505d-4f7e-9565-47b641198add,305244,J,P,2026-02-05,online
768bef99-6c91-4f3e-b793-66c0c814cea4,119813,J,P,2026-02-05,online
abdb6837-59f6-4a86-bf7c-52758cb71596,135439,J,P,2026-02-05,online
e4feb1cb-569a-4e52-a858-5a1401b226f6,258469,J,P,2026-02-05,online
c1963036-9b69-4d6f-8911-e9045506d96e,64830,J,P,2026-02-05,online
0bc8cf2e-1044-4ea8-bad8-6c9c28ff609a,152008,J,P,2026-02-05,online
6711990c-e1b8-439e-a923-00c637bd07ba,343042,J,P,2026-02-05,online
8530d871-efb0-4693-ba59-438b2e538548,132345,J,P,2026-02-05,online
a69cf801-69ac-4129-a261-eddf75ab8f51,337607,J,P,2026-02-05,online
fb67f8e6-46e2-4b46-9a15-ae205f9a1890,242377,J,P,2026-02-05,online
8329979f-e12f-4ddf-a416-35a66253d35f,448282,J,P,2026-02-05,online
82507979-1456-4e4f-b309-047d34e41f8b,231755,J,P,2026-02-05,online
8cbf6594-71f5-4616-8eb2-83a468fab8b8,2570,J,P,2026-02-05,online
428b6363-9546-42be-a45a-71cf8fb3b45d,194153,J,P,2026-02-05,online
ec61d243-96b9-41e4-905a-fc7d41f4f00d,259824,J,P,2026-02-05,online
d21876ba-dd94-4445-b6ea-7e62648d5580,479294,J,P,2026-02-05,online
bc32be68-e667-45cc-ad59-20dac6e8f925,83864,J,P,2026-02-05,online
dd449358-4743-4992-b3b7-a468fbe46b14,42981,J,P,2026-02-05,online
c8d4f358-578a-46fc-a34e-09cfdba85cd7,387774,J,P,2026-02-05,online
8c1b0f2e-091c-4ae7-803c-4eead641b7f6,273808,J,P,2026-02-05,online
1f4d79e9-574d-4d3b-8c86-f4b7f8296ffa,379865,J,P,2026-02-05,online
07e3e749-fbb7-44a6-a5c0-a5acebf6b19a,109721,J,P,2026-02-05,online
27218925-01c0-4d54-8c46-6c0a39ee3f1a,125887,J,P,2026-02-05,online
3e0544a6-3d6c-4449-9993-5da90e3aca08,448901,J,P,2026-02-05,online
f4262cb0-fbe0-4b71-b0d0-5e93dcb94c56,491314,J,P,2026-02-05,online
0f3e7a17-e926-4767-8a5c-16a369724ef3,366135,J,P,2026-02-05,online
3d3b96df-af1b-4475-bc29-2d07f41e0a8a,42103,J,P,2026-02-05,online
3cc857a2-debf-47fc-a3fb-817595866b8c,12129,J,P,2026-02-05,online
e31aa2cf-e3a1-4999-a9b7-954eb0e7438b,42600,J,P,2026-02-05,online
a16004e2-a95c-4919-ae57-1c8162ee2123,349231,J,P,2026-02-05,online
3b1394c9-42eb-4850-bbd0-0f9bc32999a8,428307,J,P,2026-02-05,online
9df7b05b-1d86-4fd1-897f-523e06772f50,400382,J,P,2026-02-05,online
5e20181b-cd16-4443-8f2b-d001d7e27087,345902,J,P,2026-02-05,online
71250a77-7f14-4228-ac6d-17f382cc2017,387005,J,P,2026-02-05,online
d90413ed-231f-431e-bdb1-5c526b451662,294485,J,P,2026-02-05,online
64424dc4-6b85-4a35-b07f-f6df6850810e,389005,J,P,2026-02-05,online
af0e3a5d-a8af-40b4-a6e2-fb9bea1cfa62,498896,J,P,2026-02-05,online
cfa0d5e5-eaa4-456e-a24b-09bd6fc43772,381999,J,P,2026-02-05,online
56d11124-c5fb-423c-9fe1-dc2500e166cf,467782,J,P,2026-02-05,online
415a0701-d0a5-4d6b-8f9b-6fbcdb25ac46,298145,J,P,2026-02-05,online
befc0a21-ed74-420d-bf0a-b872be04bfa6,176424,J,P,2026-02-05,online
0c54612e-3c53-4f9e-9d58-7b796b83f980,494732,J,P,2026-02-05,online
0ec6cd2d-bd13-45bc-b2bd-bc477f918d74,5798,J,P,2026-02-05,online
5fb41453-31ed-46a9-974e-754536eb3ea3,337355,J,P,2026-02-05,online
ad7b138e-da01-4cce-8ebe-a7ab6e48549f,383593,J,P,2026-02-05,online
d1166055-6edc-4101-9919-ecd57acf0783,303208,J,P,2026-02-05,online
413cd975-8f68-4d58-9e82-41cab7efa1e1,358541,J,P,2026-02-05,online
01ed1689-801a-4746-8f4f-2497209cce12,74429,J,P,2026-02-05,online
1efe9461-8650-4060-ba72-b55066db58b6,234512,J,P,2026-02-05,online
e12f50a7-ec00-4343-82d8-e7edf9452490,337080,J,P,2026-02-05,online
0e0abbf0-572a-4cc5-b333-b90af85d3556,411193,J,P,2026-02-05,online
2fb6a86f-dd21-4c75-b665-0bfb65752090,231491,J,P,2026-02-05,online
98be451e-94df-45c2-9906-406da4c26ced,174337,J,P,2026-02-05,online
5dd426b5-fa23-4633-b494-a55133ed5c50,391840,J,P,2026-02-05,online
cc33a954-11a0-4833-9506-df3119c1b7d3,345912,J,P,2026-02-05,online
9dd2cbb0-c042-416c-83be-ec336109cb68,304267,J,P,2026-02-05,online
5eb2a44b-a4cf-4227-8986-92aebdfde381,469684,J,P,2026-02-05,online
003bd853-2cf9-405b-a089-1cc8d0a2aa01,13677,J,P,2026-02-05,online
22cb7ed6-0eb9-4359-a6fd-ccbf39c14ae0,60326,J,P,2026-02-05,online
b5f2e702-aa06-4a82-a019-43765de636b0,264828,J,P,2026-02-05,online
dd68b71f-0eb4-4a29-b990-cc8174e26f08,335051,J,P,2026-02-05,online
9e650fa9-8e00-4fe0-a8bb-248d7e135aba,404452,J,P,2026-02-05,online
a933f853-530b-4a0a-9918-eff10dd15898,115067,J,P,2026-02-05,online
deb1b136-4f5b-4204-bcd5-5f1e1fccace5,370038,J,P,2026-02-05,online
a0f49afa-81e4-43f3-8353-df8a3100697d,182043,J,P,2026-02-05,online
e59c8200-1c2a-4f1d-9e43-f6df22e1dd56,296714,J,P,2026-02-05,online
3993e3f0-fdde-4912-b66d-7959b5fa0039,33558,J,P,2026-02-05,online
4b228a72-901e-4cf2-b349-0353d9d5dd2d,433626,J,P,2026-02-05,online
8c53c026-fed8-4824-ba0a-2a7076b0ab30,184101,J,P,2026-02-05,online
5d78aa27-bd46-46ae-8b53-9506ed5ef458,60212,J,P,2026-02-05,online
10708bbe-10d0-4fc7-b4b0-56ea1b58eebb,172387,J,P,2026-02-05,online
efdeb6f6-a4a2-4014-933c-2b776f1d9dc7,282352,J,P,2026-02-05,online
11e665a2-49ba-4239-97ce-bf2501146e03,291819,J,P,2026-02-05,online
bf20491b-c9a4-4bae-b438-46e79f0632d9,12260,J,P,2026-02-05,online
a2a74c7b-467f-4b56-9fa4-f20e7bb78cb5,9891,J,P,2026-02-05,online
16cfee2f-8417-4e35-8bc8-b7deb63bfffb,39829,J,P,2026-02-05,online
58bae215-6db4-4a18-b632-9ccdf8ade735,135967,J,P,2026-02-05,online
38d2a9c1-4eaa-483a-8834-226b787bc824,416870,J,P,2026-02-05,online
3f7bda6f-0972-41d1-9673-f696135635d0,420885,J,P,2026-02-05,online
0a25d8f5-9c20-4e74-90ce-901873827925,355586,J,P,2026-02-05,online
f7c5e61f-2600-4ed7-a487-e39aab5420b6,170821,J,P,2026-02-05,online
c145dd40-503c-4f78-8009-2d0479842090,4105,J,P,2026-02-05,online
4d592ee4-a62c-4975-8f9b-3831fee0563e,224250,J,P,2026-02-05,online
1c57a60a-c363-410d-9d5a-55653627c320,127472,J,P,2026-02-05,online
13fd0edd-5c8f-4450-b796-133aeea9b4a5,239609,J,P,2026-02-05,online
77d59bc1-ea53-4082-9566-e618fcfc05bf,496085,J,P,2026-02-05,online
a63cfbf4-6b14-46c4-98d3-bf33d69a1e22,284417,J,P,2026-02-05,online
54f962d6-b436-4f46-9ec2-28dcd358ba5d,266277,J,P,2026-02-05,online
cb3b1536-e428-4f5d-972c-89a5cdcd9036,64966,J,P,2026-02-05,online
ae6b2a9a-b808-42eb-a73c-4536450fcb1a,445174,J,P,2026-02-05,online
adacf7b5-b877-412d-913e-a1c3fcd86a57,240035,J,P,2026-02-05,online
8253e710-dcee-41ba-93d0-f5f9c6e7c8f2,448834,J,P,2026-02-05,online
eef3358c-aea8-490f-a9bc-9e39b3785cc1,345636,J,P,2026-02-05,online
80c0f24f-93c3-4c97-be6a-d47cb6509ad7,148612,J,P,2026-02-05,online
be574440-ecee-4372-91cc-8e746da801cb,414040,J,P,2026-02-05,online
30c629a9-6bee-4e53-93e4-bc39e4e6cf32,129496,J,P,2026-02-05,online
e3d1769c-6a52-4741-b587-83c5f0db9fc0,365682,J,P,2026-02-05,online
4465f77a-ca2e-4f22-9730-e437032379e4,173833,J,P,2026-02-05,online
ab5d50ff-005b-495e-9ad2-9dad2c398bc5,19455,J,P,2026-02-05,online
49744f00-6af7-4db3-bdc2-ef22e45ca2e3,171739,J,P,2026-02-05,online
a58817d3-fdb7-47c5-a11e-738c89ff6ef9,117252,J,P,2026-02-05,online
ed5b257a-85c3-478b-967f-8fa65f622396,329767,J,P,2026-02-05,online
cb9b6d2b-4081-4d51-9ae2-c6c28f9779f4,335884,J,P,2026-02-05,online
37465683-cc01-4c8a-88ab-c2faabd52cd1,320363,J,P,2026-02-05,online
70712a1e-5282-4aa7-8240-6a718f42b850,40664,J,P,2026-02-05,online
4f3b76d4-516d-44f0-95de-f67cf47f1f73,189754,J,P,2026-02-05,online
ea5177cb-1eeb-4894-a312-6d822d4a7559,410137,J,P,2026-02-05,online
dec91f6e-8a95-45ee-af7f-a7922233f27b,150793,J,P,2026-02-05,online
b983aaf3-2ddc-48d3-8d4e-176dfa670a71,220154,J,P,2026-02-05,online
1900b85a-d8a5-4862-80dc-3e4f9092bf68,377032,J,P,2026-02-05,online
f5f50309-b52d-40dd-89d5-6767a707614d,454370,J,P,2026-02-05,online
096fe062-61a8-4206-8e28-600971e9fc1d,496654,J,P,2026-02-05,online
31ed5e20-588e-492e-b65d-ba69423e57a6,42053,J,P,2026-02-05,online
0c2d59a0-232a-4e1d-8df2-193d90987304,194831,J,P,2026-02-05,online
2c324fe2-a3c3-4834-aad8-5f4a149d4532,129877,J,P,2026-02-05,online
1f16876d-c1b1-42a6-8b15-7b405deb1eb2,163012,J,P,2026-02-05,online
bb899930-a804-4583-a799-93c9d711fe84,402940,J,P,2026-02-05,online
bc04d545-d68e-459d-a890-dd66633165ee,346942,J,P,2026-02-05,online
491f91f7-3cdb-4298-8243-7b78cfc49b5c,434176,J,P,2026-02-05,online
1d8750c1-d37f-4090-bb1b-a6fc6d116451,193358,J,P,2026-02-05,online
42926f4c-4d8b-4d7c-89e1-002d76f73f99,280144,J,P,2026-02-05,online
db78a4a9-57fa-4722-bc72-c70a3055c46a,366147,J,P,2026-02-05,online
093149b9-10d9-4788-972f-0e93eca4941a,102909,J,P,2026-02-05,online
54c93ad1-464a-486c-832b-68ac4b246e96,396174,J,P,2026-02-05,online
9fc7c6a2-b6b8-4967-ad56-66399cc7e532,30137,J,P,2026-02-05,online
9ef5d6c0-396e-4b2e-ae9a-91d2b667b055,247544,J,P,2026-02-05,online
4fd7d0a7-9332-4052-92fd-7ff495ac3f9c,78537,J,P,2026-02-05,online
062f7a9b-d722-4619-8502-07ab542f5438,395150,J,P,2026-02-05,online
766d7538-4fbd-4fcc-9411-adfa3c501d2e,95396,J,P,2026-02-05,online
0d6422d6-4280-4ff7-be68-31750cf9b451,477582,J,P,2026-02-05,online
5a93e506-bbef-44e4-9c29-4805fd72fccc,399972,J,P,2026-02-05,online
16fb9c9c-486b-4e5b-8b53-8e3c3ef065a5,72697,J,P,2026-02-05,online
e7237181-e0dd-4985-be74-0cf23bb9d2f1,82600,J,P,2026-02-05,online
75270d4b-8d73-41ec-93a0-6a831811312b,343444,J,P,2026-02-05,online
d7e3006b-b2e7-4ca2-9b8b-ec22552339ed,405899,J,P,2026-02-05,online
9bade66f-c340-4f07-b29f-5050c659aa64,7157,J,P,2026-02-05,online
1d9b97b9-6e6b-458e-bf38-b4cc85389190,440209,J,P,2026-02-05,online
d6bc458c-48e1-4d3f-b980-63573c349ac4,178613,J,P,2026-02-05,online
17a37b01-6711-411b-b76e-be343652fb11,75027,J,P,2026-02-05,online
e77378cc-1bf1-40b3-8e6f-e0b66a4f25ef,272065,J,P,2026-02-05,online
85c3b6b3-0ded-44d8-8681-8b72e8ff3e64,477098,J,P,2026-02-05,online
46b551cc-aae7-44b1-b0b3-7f4032c9d3bc,113130,J,P,2026-02-05,online
7c5dd4b9-8fa1-49af-a553-707ee0ffacf9,116269,J,P,2026-02-05,online
b1826493-a844-43dc-9b47-4423b5b7af71,418230,J,P,2026-02-05,online
8b262780-92a7-46e6-b5e8-f69be6242680,149256,J,P,2026-02-05,online
a27e9195-f1ec-4e29-97f7-9f0c5eb9a020,57545,J,P,2026-02-05,online
3d4a9747-72ad-43e7-b3b1-1c0c47290f21,364588,J,P,2026-02-05,online
2cff997f-8f97-4ca6-a515-0fd1a7f0726b,481115,J,P,2026-02-05,online
2d004fd6-af41-4a89-9ecb-9ef4f9b6e2ea,329535,J,P,2026-02-05,online
718a8520-2c6f-4ef9-b001-db8ac45b5c09,340268,J,P,2026-02-05,online
e17a7423-cb57-4e42-86ec-63fda57c2383,459403,J,P,2026-02-05,online
084bb46d-a67c-4755-ae43-4f0ee67ee962,333291,J,P,2026-02-05,online
4560d929-2770-419a-9a1c-371dd7b92dfb,444367,J,P,2026-02-05,online
9feebd5f-4263-4ef7-9222-953ba58e3b67,75780,J,P,2026-02-05,online
7aa9c2e8-670a-4606-9876-b6a3d34edf75,338451,J,P,2026-02-05,online
29f60168-67a8-4143-8e3c-2ebd0c42c9a7,297961,J,P,2026-02-05,online
c23aa6aa-ba9f-4af3-b1ab-d2ddad2f4d5c,210013,J,P,2026-02-05,online
b7db0275-1d35-4510-9caa-30a372eb3b26,244766,J,P,2026-02-05,online
700c0c9c-2c50-461c-b914-964e09c4e27f,360479,J,P,2026-02-05,online
ea609543-9b92-4889-b348-1a33d1fd125a,92826,J,P,2026-02-05,online
eba5c3dd-fc18-43d0-a46e-abb152288b17,110142,J,P,2026-02-05,online
10ca5a07-4030-4ef7-9ec2-6bf242901bf1,353616,J,P,2026-02-05,online
a0887877-74d0-4b33-8e32-d452d42a4220,48441,J,P,2026-02-05,online
090b021b-3d89-4eae-a4a4-f292ea2a93fa,383275,J,P,2026-02-05,online
3dc6ca3e-bab1-44ab-8194-9059189617ae,491968,J,P,2026-02-05,online
cf69a587-b739-4c85-b0cb-ab32974018a6,95508,J,P,2026-02-05,online
3dc0a046-6054-47c1-9e26-8156c6389d13,93059,J,P,2026-02-05,online
88b31bdb-71e2-4d1a-b302-b7ad1671365c,357982,J,P,2026-02-05,online
ba464355-caf4-403f-b18c-240a6e293da7,450281,J,P,2026-02-05,online
83ffa445-d1aa-48a3-83b0-12f516e2343a,137370,J,P,2026-02-05,online
618d0291-e0b2-4a2f-9a26-955bbdfe68a2,334575,J,P,2026-02-05,online
d73c604c-65f1-45bf-b17a-3ff89c58b1f6,462359,J,P,2026-02-05,online
b3cfbe7f-3a40-4595-a430-c4fedfc309df,451698,J,P,2026-02-05,online
5b8c36c3-2243-4751-9848-6d5f6c197ac3,275679,J,P,2026-02-05,online
25da528a-518c-4f06-aa3f-3920d5a7d388,496498,J,P,2026-02-05,online
1b9b29b2-c66b-461c-80a9-b1f03260e9f3,107049,P,B,2026-02-06,online
575100cf-9009-4aba-a5c6-29079bfda2c4,474089,P,B,2026-02-06,online
3135f6cd-ead2-42de-ae28-cda001b0e0df,202156,P,B,2026-02-06,online
546f0005-6485-49f3-9961-3e334a16f36e,433807,P,B,2026-02-06,online
2d2a2b09-93ab-4c4c-9679-cef6d57e18a6,155117,P,B,2026-02-06,online
142d56bd-dd26-40c9-8958-6a52733e09c0,247290,P,B,2026-02-06,online
6063e2f6-8640-49a5-b063-d98a92bea064,24152,P,B,2026-02-06,online
31f722f1-251a-46e3-9d26-e0e8d272cbbb,452659,P,B,2026-02-06,online
cbcd4af8-5421-4a01-8b69-96af17675270,464398,P,B,2026-02-06,online
b5df04fe-9e1e-4550-9688-5d1e0f87521a,15406,P,B,2026-02-06,online
194d8aed-9f87-4135-aea9-cc20b1b37afa,210957,P,B,2026-02-06,online
f6aa044f-ffb1-4677-91fe-5042ee17f5de,323420,P,B,2026-02-06,online
f9275a9c-5230-4c38-8dc4-1edf0fc47cc0,295997,P,B,2026-02-06,online
b7a3f43f-dbad-4e0e-a46d-5992bb983b0a,160958,P,B,2026-02-06,online
a2fd49c3-5a4d-4b55-9ce0-63676675fadd,291513,P,B,2026-02-06,online
77854091-4dbb-4e83-8fdd-eacd58f04b72,137213,P,B,2026-02-06,online
6d05e42d-00e3-4497-8619-1c3b6144750a,346439,P,B,2026-02-06,online
04240888-2116-4e9a-b725-25d6d6c6eeed,39560,P,B,2026-02-06,online
baccee3e-d8db-4ce1-b6de-1a9c6c11863d,195324,P,B,2026-02-06,online
8e58f953-d3bf-463a-8ee5-7eaa768067a3,418790,P,B,2026-02-06,online
ab04dca6-2214-40a3-889c-9da2ac18941d,80550,P,B,2026-02-06,online
1257d8f7-2e0c-44ed-bcad-c73fb807276e,469361,P,B,2026-02-06,online
4f04f558-aab0-4bff-86dd-7ce3d4704115,365933,P,B,2026-02-06,online
195f67b5-5210-4b93-96a4-32b3bf662dcb,67173,P,B,2026-02-06,online
acbc95a3-dd94-4c7b-af4c-2dc0da55ee05,208795,P,B,2026-02-06,online
191ff08d-497d-4c45-981e-5feae4cacbb8,211521,P,B,2026-02-06,online
57b5b5d3-1b0b-45b2-a4c8-58b67124132c,440495,P,B,2026-02-06,online
50358583-bac5-4489-9751-b319862d0a7e,456080,P,B,2026-02-06,online
db9316b7-f941-4a3f-b1ce-839bc513ce95,68546,P,B,2026-02-06,online
ddcd5ec2-d3f4-4bf3-a09a-bb19565f9340,14559,P,B,2026-02-06,online
eff7d1de-f559-4869-b420-f7c13a19d1ed,293754,P,B,2026-02-06,online
b30c83f8-08a5-42d5-9593-3c127b9e8928,125943,P,B,2026-02-06,online
f762e0c9-912e-43ee-bf47-06d595db73ff,498044,P,B,2026-02-06,online
1bb5d146-6ea8-4ab9-9751-696ab78e73f6,339616,P,B,2026-02-06,online
5e4f91f1-bed6-4686-ba53-7b1aabdd4743,47646,P,B,2026-02-06,online
a1caba48-3623-4859-a7a4-0da4020a0c69,336766,P,B,2026-02-06,online
0d1919fa-7e15-4f5e-869c-d21850a3f07f,228628,P,B,2026-02-06,online
d5ff19c9-e9a9-4cac-b0bc-a49ebd952d7f,279684,P,B,2026-02-06,online
63620dcc-8a82-4957-baa4-a1e1258c4075,347299,P,B,2026-02-06,online
70da3dd3-72a1-4d8b-b85c-891397dc400b,388672,P,B,2026-02-06,online
ec8de1ea-d0d5-411f-9b11-7fba71bcd7e6,417161,P,B,2026-02-06,online
a994d480-0c26-4ff7-82c8-4713b716cfa2,220793,P,B,2026-02-06,online
09fa330c-98f0-49c0-b35c-54e4c7a7bc55,428736,P,B,2026-02-06,online
a2252f0c-b6da-48a2-ab7e-519ac1dadf11,202007,P,B,2026-02-06,online
ae4f12d1-2ac3-40e9-8b72-c413965725de,124468,P,B,2026-02-06,online
1b4fe578-ef6e-46c3-92e3-ca4722653c8f,248491,P,B,2026-02-06,online
f3dc88eb-8b18-4457-8f08-1e7293be0485,450462,P,B,2026-02-06,online
d6cc1a8e-97f0-48b0-b238-c55160bb910c,466395,P,B,2026-02-06,online
92a275db-e1b1-4628-a8e7-6d34808e9ad7,437733,P,B,2026-02-06,online
08e12c51-62bb-483d-9b3a-f516dee84299,336910,P,B,2026-02-06,online
9ce69a98-3bfb-4888-996f-9d29688f5146,160511,P,B,2026-02-06,online
0c71263d-3392-4b49-975a-188fa0b22485,273689,P,B,2026-02-06,online
32f5fad5-494a-4645-a18b-3609040c6f13,328048,P,B,2026-02-06,online
7cef5f4a-4c25-428f-a912-ef4d593c7132,232606,P,B,2026-02-06,online
a152f047-cd80-43e8-afc0-9967621d6e0a,166758,P,B,2026-02-06,online
ec30f381-8d7e-4cf9-af3e-2e083d19d252,226576,P,B,2026-02-06,online
3adcc1e0-2cd2-4629-ab8e-a2757d237b29,99716,P,B,2026-02-06,online
5de12c87-767b-4aa5-91b8-65ed7158f54c,289420,P,B,2026-02-06,online
a1efbd34-76e9-4bb1-a5d8-c5b712f0a392,326199,P,B,2026-02-06,online
7deb9d1f-ecf1-4842-a87c-6ebcaa1c536e,414883,P,B,2026-02-06,online
238c2751-2360-4322-9cd7-9b5eed2547a7,27736,P,B,2026-02-06,online
9f93bb67-16f7-42b9-90fd-dbf61fb6b38d,39522,P,B,2026-02-06,online
62497cab-c04c-40b9-93ab-5427604b21c2,220833,P,B,2026-02-06,online
3729400d-f99d-4e6c-809e-6ec7dfeeed6e,396924,P,B,2026-02-06,online
15425e7c-cd3a-4de2-b2a6-1b0cd4af1c58,264376,P,B,2026-02-06,online
575c33b2-21d5-4d1a-a465-1433752667d3,80178,P,B,2026-02-06,online
f5f3d6c1-903b-4fc5-9f4e-64b83230c142,433972,P,B,2026-02-06,online
d037deb9-b113-496b-8c37-33e9efce1fc6,411718,P,B,2026-02-06,online
30e479f4-36b2-4fad-8bfb-e00e89b89f74,396271,P,B,2026-02-06,online
6dc111c5-b21e-49d4-9da8-53dc6ffd698e,114181,P,B,2026-02-06,online
ed0ea85f-12ce-4739-b34f-411fee03f795,101078,P,B,2026-02-06,online
d7139596-f5c9-420d-9fa5-b9f52fe568ad,16217,P,B,2026-02-06,online
cac17c30-6875-4273-8878-1cabd5518653,86286,P,B,2026-02-06,online
eae5b8b0-6c6b-4d63-becf-d735083ab7d7,267420,P,B,2026-02-06,online
25a95171-5901-4b41-8ada-d2b0f0987381,484489,P,B,2026-02-06,online
5ab739ff-d7ab-4ebb-a6de-ecf5725f7ab9,65832,P,B,2026-02-06,online
2bae76ac-d68c-4b12-92fb-6ce26493e604,307387,P,B,2026-02-06,online
d6ce3b8a-5e27-4ffe-94cf-8ec4ef8720f5,58013,P,B,2026-02-06,online
3ae6cb5b-72be-49fc-b567-be5cef21f4bf,46794,P,B,2026-02-06,online
481fb6d3-90cc-4947-a349-2e075992224d,336540,P,B,2026-02-06,online
4136abd1-2203-41ee-865d-320e72442102,167224,P,B,2026-02-06,online
01984110-6bbc-4ab9-b6ba-9834cdf5c70d,121257,P,B,2026-02-06,online
af976198-238e-466b-be54-e101e502068f,345637,P,B,2026-02-06,online
e17c5279-c8fd-4656-9f1a-014fbdb119e7,24065,P,B,2026-02-06,online
101544b2-5f80-41f6-9847-cbcc07b61652,178143,P,B,2026-02-06,online
e3e2f403-abbd-4d64-8989-2057d09c53fa,469989,P,B,2026-02-06,online
fef09b9a-8335-4b5e-a364-6b8587861ed7,460779,P,B,2026-02-06,online
cd935e90-3aa3-453f-8b75-4a6320cc1065,356225,P,B,2026-02-06,online
bd4ea4b8-2831-492e-ab87-285a479eb6db,331331,P,B,2026-02-06,online
08a01946-a2d0-4ba7-9850-e23020941d31,334211,P,B,2026-02-06,online
55e65e5e-ada1-476c-9357-645c63c794a2,480679,P,B,2026-02-06,online
3fbcb6e9-0a28-42d9-82c6-984a73544daa,427781,P,B,2026-02-06,online
1030528a-c72d-43dd-9187-034d239b8d21,493163,P,B,2026-02-06,online
1ef1927b-9c28-4578-aa9c-1c8cbd451992,289641,P,B,2026-02-06,online
b1f9d170-9a6e-47e0-8f07-fb339aa49c79,149989,P,B,2026-02-06,online
a3484de1-4151-4769-b467-0f809fe3d8a8,197545,P,B,2026-02-06,online
4d13bbbc-7b36-4fd1-b3ed-10d3aa2e45d4,390972,P,B,2026-02-06,online
decdd030-1e77-45ca-b0b7-f3dfe2a5a021,25576,P,B,2026-02-06,online
4f1ac261-2015-476c-84f6-009d53963b9b,363309,P,B,2026-02-06,online
4ebf49a3-3b1b-454b-946d-e22b2c95c613,386963,P,B,2026-02-06,online
cdc0adc3-3d71-4bb9-8f14-c90d2089eeff,129765,P,B,2026-02-06,online
9d17959b-0fc5-4134-9677-48b3a2c1c68c,117099,P,B,2026-02-06,online
0be5d3e2-0909-4163-abc3-b6ebd41f5dbb,44610,P,B,2026-02-06,online
fe349112-f8a3-453f-ac9f-2eec6ad359d2,440086,P,B,2026-02-06,online
97251e4b-39ff-45d9-97c0-801317ef1359,165473,P,B,2026-02-06,online
c6976b53-f194-4bbd-badd-5c30194d584f,70704,P,B,2026-02-06,online
bcb6937a-0f60-4564-ba64-8dd670941a53,74367,P,B,2026-02-06,online
52cd1536-845d-497f-b39f-b54b4bbd9da8,339560,P,B,2026-02-06,online
c57c2a57-b422-4fd8-aaff-336f41e90c8a,277655,P,B,2026-02-06,online
588c83d6-a571-4b1d-9862-b27734c52f38,400599,P,B,2026-02-06,online
16274f7d-70c8-4060-93ef-ff68c8ebcaa7,322243,P,B,2026-02-06,online
c2f04ca1-0024-4ef1-9f08-c9193598e01e,406394,P,B,2026-02-06,online
c6f17ccb-bafe-4d85-9b01-eca370d2ed06,357601,P,B,2026-02-06,online
21776f27-ad89-45d8-8e50-19d477e15605,221647,P,B,2026-02-06,online
ec283a5e-223c-4304-9f32-d2b801b41a2f,195004,P,B,2026-02-06,online
50b59c72-a8a2-4cac-a5bf-cd61ed9c7874,277808,P,B,2026-02-06,online
84341874-546d-489f-a6b2-bdf399f8776a,14834,P,B,2026-02-06,online
7418defa-81e4-40a5-b192-abb589b280de,416455,P,B,2026-02-06,online
fc56ab54-6336-490a-b1d4-93ab3277135a,268063,P,B,2026-02-06,online
c955cde7-507d-41ee-afd2-83ea91de602d,237259,P,B,2026-02-06,online
52c5c10e-4d43-42c8-aa74-f1a1dbe57d8e,133960,P,B,2026-02-06,online
89a23ac2-4d6f-45cd-afea-d369e2481c15,485392,P,B,2026-02-06,online
c6d403f3-baa6-4bf8-ab40-d19d772cf1fe,438826,P,B,2026-02-06,online
f68c6613-1f11-45a2-bab9-4e19c5770e91,287373,P,B,2026-02-06,online
a8f3c7dc-8b96-40d9-ae20-725630f61a3b,475830,P,B,2026-02-06,online
4738ce3d-32cc-47b7-8f3f-aeb17c9db247,201490,P,B,2026-02-06,online
bd3dac8d-5a90-45fe-9975-2995796cdf18,35061,P,B,2026-02-06,online
4d2fa532-ffd3-4df2-8bd9-d1852ed81795,239923,P,B,2026-02-06,online
0a38629f-6148-4f87-a2fb-fe3154d43f71,305282,P,B,2026-02-06,online
6f6a730e-42a7-41be-b51f-5d556e4d9cc4,10932,P,B,2026-02-06,online
2b0a4da6-d4fb-4505-87a1-451e49ec69c1,410157,P,B,2026-02-06,online
e3f4da7a-b21a-4d05-aa2d-67411d9bd6c7,69149,P,B,2026-02-06,online
314ec02d-86a3-4556-9537-ec897260ca5b,450457,P,B,2026-02-06,online
c7ab0438-8715-42da-8011-42c5db264612,35918,P,B,2026-02-06,online
399fc15b-7c8c-48ee-868a-70a48d85f378,136106,P,B,2026-02-06,online
e9b0a0b5-2ed5-441c-a09c-f892d689554d,56039,P,B,2026-02-06,online
29ad96d0-4cae-4775-bf53-31e10f07a081,406742,P,B,2026-02-06,online
285f57c4-2585-4883-a3fe-053ea1afbc0d,250343,P,B,2026-02-06,online
e57f6f0d-30f4-496d-b8dd-d45c9c35034a,6414,P,B,2026-02-06,online
2e68152d-9e9d-42e0-9253-6d823ab654f9,307440,P,B,2026-02-06,online
b0fa806a-f1f6-4ab3-8258-968e11f37a74,394213,P,B,2026-02-06,online
e12d3ea0-973c-4a8d-b572-0b68fc0030af,7292,P,B,2026-02-06,online
14d556c3-33be-4aa0-a028-ec670aefc68e,85296,P,B,2026-02-06,online
f02dd189-5835-4e96-9475-d4389e85e142,307773,P,B,2026-02-06,online
88448192-82de-4307-b6fb-b98d37f1d83b,408954,P,B,2026-02-06,online
7d50e61b-740a-4189-b505-8a4639a36ede,73632,P,B,2026-02-06,online
78d4dacd-6ca6-4c4d-b194-67b163e3e971,154382,P,B,2026-02-06,online
86b3c8f2-238c-48f7-9347-91bb3ff245bc,87908,P,B,2026-02-06,online
f57f09bd-4643-4603-8287-d0cfac339968,262184,P,B,2026-02-06,online
43bd04e1-67d7-4106-9690-3063b107b636,118873,P,B,2026-02-06,online
fb0534b2-774c-47ff-b76d-74e9a372eb9c,385797,P,B,2026-02-06,online
fbd2fe72-2e83-4cc7-9580-36be77979f83,430307,P,B,2026-02-06,online
bc235e1c-acf8-412b-9de1-567fb06af9dc,63538,P,B,2026-02-06,online
31a10faf-30a5-4295-b8ef-5a0628d582ce,499115,P,B,2026-02-06,online
b3d51615-1e93-4330-b1c1-35e41a26b97b,118670,P,B,2026-02-06,online
2341ae65-7367-43cf-9562-a2abff22ab2f,424309,P,B,2026-02-06,online
84026b95-6c28-4729-8475-f020adb21762,370086,P,B,2026-02-06,online
21573f93-9621-4fd2-be1c-4c7c722914bc,202593,P,B,2026-02-06,online
66bb2826-6bc3-49d1-a10f-6a43a9f8133e,70935,P,B,2026-02-06,online
3d0f938d-f9f0-411a-b0be-751703ce751f,341558,P,B,2026-02-06,online
45e46459-0719-4fd7-9534-7060b830093c,315239,P,B,2026-02-06,online
4911a4e4-70b9-4191-8de5-299e26fcd54a,439991,P,B,2026-02-06,online
4d9809e0-b89e-4704-b31c-b31c5c2a7e85,267777,P,B,2026-02-06,online
94c061af-9065-4190-bfb8-9b24f236f50c,187929,P,B,2026-02-06,online
d170c433-17b5-4d57-a060-90f15a741048,414478,P,B,2026-02-06,online
edbda514-92ae-4a24-b984-0c74083d0a8c,338314,P,B,2026-02-06,online
c82c7546-720d-4433-bfcc-c0ea3c4b9642,255404,P,B,2026-02-06,online
22234577-eb51-4a07-930d-a3b415e80253,60637,P,B,2026-02-06,online
1056bb0d-e1ca-4048-b9e8-6eb20be39d92,110873,P,B,2026-02-06,online
e222c9e4-d4d2-4fa1-a83c-e2fa15761de1,220983,P,B,2026-02-06,online
277ff562-d3b7-4acf-97e7-66c1cc8fee0c,99021,P,B,2026-02-06,online
960c092a-6251-4bd3-ab20-68ded0a226f1,228535,P,B,2026-02-06,online
025ab41e-daa3-4054-9b08-e07f8caafb80,167975,P,B,2026-02-06,online
d409b4fd-1e79-44ec-8439-cb43540401d3,97427,P,B,2026-02-06,online
dfa6c0f6-5185-4151-97d3-a6bf3d42439a,232896,P,B,2026-02-06,online
1993d851-0645-49ad-8a30-b4c2a0a1c638,75244,P,B,2026-02-06,online
5175ffab-281a-4062-9ef1-d0fb37ff00f8,438329,P,B,2026-02-06,online
d0b00e6f-92f1-4135-894e-c222c7c3582b,123321,P,B,2026-02-06,online
4fc05330-6115-43b9-b73b-704350be40bf,480607,P,B,2026-02-06,online
ba43742e-e604-422f-ae15-ebfad72439a1,427435,P,B,2026-02-06,online
89e17b3e-2b9f-4510-8a4e-c4caca112be2,456797,P,B,2026-02-06,online
90901369-0989-40e9-a92f-b562d0777f18,92947,P,B,2026-02-06,online
28208e3a-a539-4eed-8a5e-413f0605ae24,206824,P,B,2026-02-06,online
9aeaecee-a2b8-406d-bdf8-db8f1f5bdef2,324199,P,B,2026-02-06,online
cea66971-e095-42ef-a378-a87449446f5f,281689,P,B,2026-02-06,online
6334db5d-200f-488d-83bf-ddf87d54b771,329485,P,B,2026-02-06,online
2205d882-048e-4df9-b4e1-9730ee119f23,114873,P,B,2026-02-06,online
b220d46b-63b2-41aa-9a60-a3a76ae47549,479353,P,B,2026-02-06,online
8d6db2f2-14e0-4daa-add8-2a21adb3d26f,277834,P,B,2026-02-06,online
5980e55a-787b-4d70-b9a9-c7b66a2e92a9,328900,P,B,2026-02-06,online
e62821ba-bbaf-4a47-8e8f-eeba390114cb,286965,P,B,2026-02-06,online
7577438f-3664-42d9-8613-135432c70414,499958,P,B,2026-02-06,online
54de085d-4f89-4f83-8743-21841d86c1cd,37061,P,B,2026-02-06,online
0531b29f-579d-4d50-b4c9-e68704b0d199,354428,P,B,2026-02-06,online
824bbaaa-fe66-442a-936a-d3ce915ba6aa,379349,P,B,2026-02-06,online
86d73a9a-76bb-43a7-a7c0-444d145f258c,1798,P,B,2026-02-06,online
096cfb36-e8ad-4347-99aa-feff8850a889,190153,P,B,2026-02-06,online
9e6c77a9-7dfa-49a8-a16e-35e7d19ef50a,73041,P,B,2026-02-06,online
d2b2d477-f16d-42e9-8206-5ff0461da4eb,143502,P,B,2026-02-06,online
eb91be01-84fd-4977-8118-fa5f49d8a60e,435081,P,B,2026-02-06,online
7d0a2e51-9e70-4bd2-9738-1c3d5d6687e9,289506,P,B,2026-02-06,online
1e4e1d03-d3cb-4e55-8499-582a62aac679,282299,P,B,2026-02-06,online
0a8642dc-785a-4e0c-903e-424c35a9f425,48115,P,B,2026-02-06,online
46d078cf-cd22-4280-9fce-9b67fa047f0c,284179,P,B,2026-02-06,online
ac6b81eb-e744-43a6-9eeb-7ddb3a0d8106,68472,P,B,2026-02-06,online
d5db5bcf-a020-477a-9172-d59ab7b4c7ec,491841,P,B,2026-02-06,online
bc7ca07f-e76b-4736-a3d6-5fb6f7bc5ae1,365351,P,B,2026-02-06,online
8b0b9564-3d3d-4fa6-87de-ab5858a8e512,112745,P,B,2026-02-06,online
e42377f8-84d2-493a-88dd-4dded21ea3d1,156224,P,B,2026-02-06,online
120011cf-4cf3-4bb0-8ce0-57c895ec03bd,335312,P,B,2026-02-06,online
32c44cc8-8664-430c-895b-a13bac8b999f,328077,P,B,2026-02-06,online
d7cbb9c7-4cdd-49f7-96b9-40dac753db64,413635,P,B,2026-02-06,online
b8c83b6a-502b-44b5-b13a-76b4af34efb3,439925,P,B,2026-02-06,online
58c5d96e-3ac3-4590-9dd1-336f85bdff83,174472,P,B,2026-02-06,online
067be7f6-84bb-4234-8f85-a8610242f2bd,236651,P,B,2026-02-06,online
9cba56ab-f8e9-4e0e-87a6-6bdde2d31512,241220,P,B,2026-02-06,online
6df3027f-5065-43a3-b47d-ba8070a91f5e,486115,P,B,2026-02-06,online
1a9f4e2f-717e-47fe-8c50-ed0c3e5e6842,65987,P,B,2026-02-06,online
f793bcab-71d3-4476-ae3f-020597989706,259997,P,B,2026-02-06,online
6a9d1540-aedb-4544-9a66-d8a2d4c800e7,179154,P,B,2026-02-06,online
99d2ae0d-5b7c-4c45-ac86-b05a6a09340a,47716,P,B,2026-02-06,online
5845f2e9-2880-4ea3-81e7-dee8279a1632,4072,P,B,2026-02-06,online
6b361b22-0f54-4e17-b630-a36ba895c205,331643,P,B,2026-02-06,online
a0be125c-cbf2-4620-bfb1-cbce53fab2aa,352863,P,B,2026-02-06,online
6e386d02-11de-4b24-8f31-08a7d789296b,425212,P,B,2026-02-06,online
1d097062-fb4c-49f7-9a58-a590034882fa,198084,P,B,2026-02-06,online
8c967488-3791-4335-93fa-80ce618c4913,193628,P,B,2026-02-06,online
e6176ba6-e763-475b-81eb-f5c4671c720d,68470,P,B,2026-02-06,online
0c1610ca-5b88-4a61-ba7b-c31d8694f182,278770,P,B,2026-02-06,online
cc9d2056-1aae-4605-bb59-e2f5a2afef7f,23934,P,B,2026-02-06,online
d7654fd9-dcc9-47b3-ae3a-bd70dbb347bc,388951,P,B,2026-02-06,online
232dc003-5b2e-4b40-968b-358b4c8ec4b4,45775,P,B,2026-02-06,online
e08ece00-c114-46ab-9175-ce16bc662612,353920,P,B,2026-02-06,online
ada3d4f3-b936-4410-8014-caa56a65b899,199834,P,B,2026-02-06,online
0304b71b-fdfd-464b-9ab9-c3e6753fef23,126384,P,B,2026-02-06,online
c7967c05-9b4d-4cd8-8607-f719c18570d5,200618,P,B,2026-02-06,online
6acb9f1d-77dd-4e08-a6ed-c564c9518961,383250,P,B,2026-02-06,online
d5e27c1b-e646-4668-9fab-ed346a8e700a,254721,P,B,2026-02-06,online
9d91d0f7-5c40-48b5-b6b7-89c1525c1182,359468,P,B,2026-02-06,online
772f705a-5078-4f5a-bc5b-98603be990a7,410135,P,B,2026-02-06,online
a75a72c9-93e4-46ac-9eb3-b93e6b0ecff0,21482,P,B,2026-02-06,online
2f8d32e0-6a39-4534-9da0-8d82cc5787c3,145655,P,B,2026-02-06,online
72f28052-bbf8-4e64-9254-03ac582dcd4e,76078,P,B,2026-02-06,online
e1013081-8426-48ee-b83c-f22af8a5764b,87701,P,B,2026-02-06,online
4eb7a77d-6bdc-4a33-aa7f-73fe98bc6bb8,7388,P,B,2026-02-06,online
8ce7a1c3-00bf-44b5-ac3e-0c6f99dd52ca,41369,P,B,2026-02-06,online
498d25d5-3a6c-41a2-8f37-8fee9804a33d,44494,P,B,2026-02-06,online
2e25ed8c-f1f9-465b-bde9-747058a15bfd,473207,P,B,2026-02-06,online
4a90a898-55fe-42b8-a77c-f7266cf22315,8230,P,B,2026-02-06,online
45d04aaf-1aa8-4792-877c-a5b524c6ce92,475131,P,B,2026-02-06,online
92a2cf54-185b-4577-a06a-c385df057fa8,72162,P,B,2026-02-06,online
c3160243-858c-48df-bb5d-2220aef4d588,126245,P,B,2026-02-06,online
9a942027-ffc2-4aa0-99b4-1843c2b66cf4,388611,P,B,2026-02-06,online
6d862986-4d47-4a01-be88-67cbeb6ba6ea,266632,P,B,2026-02-06,online
4a0fdb58-dbff-43fb-8d7c-707a5cfbf0ca,299568,P,B,2026-02-06,online
c94de8fc-2574-44ec-b4d3-a105990e34b5,36033,P,B,2026-02-06,online
81039e2f-644e-473c-b18a-78340a257bb9,397506,P,B,2026-02-06,online
b0822f94-f52f-4d8a-b99c-09f89097bf62,495615,P,B,2026-02-06,online
7b5891b0-d807-4edd-8c43-20f9028b57b1,382248,P,B,2026-02-06,online
e70d1495-a34c-457b-8b74-4d311ab30866,80457,P,B,2026-02-06,online
df66f703-f577-4954-a20a-e7f629a3612c,421601,P,B,2026-02-06,online
1328eb03-d1df-4648-be37-38dd9e8978b2,348206,P,B,2026-02-06,online
c5293804-0ab9-47b3-9394-f8d77760330f,319472,P,B,2026-02-06,online
164eee66-51b8-4a70-91c3-6f5d73b08bda,150483,P,B,2026-02-06,online
b7bdc6fb-9bf4-4219-8b68-bb2dc26312a8,437711,P,B,2026-02-06,online
9c57a8f1-f40b-47e4-bf23-b3172c14ce6a,187808,P,B,2026-02-06,online
0e0c0669-8d6a-41bc-abbe-ea451f16aea0,219467,P,B,2026-02-06,online
d86392c2-98bb-4eb8-8a25-6f7c55c125ae,486993,P,B,2026-02-06,online
0852b9cc-feac-423c-ac4f-66653387683e,42254,P,B,2026-02-06,online
c1031734-dcd5-4a72-8862-dd4211e658ba,287457,P,B,2026-02-06,online
92319e19-52db-44be-b0cb-604fc0299e29,6292,P,B,2026-02-06,online
d948ddf1-5766-4d5d-9d08-e156f69e5c3b,74767,P,B,2026-02-06,online
6adbae91-03a6-446e-8db8-efb6a254d7e4,50717,P,B,2026-02-06,online
3929f23e-9d9d-4dce-ab1f-8f8c1e37744f,367289,P,B,2026-02-06,online
bf3b7d08-66d7-4e4c-8a49-6463da0e076e,419721,O,E,2026-02-06,online
86e02688-28a4-4ac0-8ba2-0947f4b8c304,80395,O,E,2026-02-06,online
29bb405c-5b3e-4e4a-ab3c-ab8876efa03e,280877,O,E,2026-02-06,online
074f2f78-9070-4534-8f24-9851b7c66041,77145,O,E,2026-02-06,online
189084e1-bd2e-49d4-a18d-7a7f1ff284b1,108425,O,E,2026-02-06,online
29ec636f-ed9c-4fae-9ce2-f61a77458f92,131662,O,E,2026-02-06,online
16d04e32-c979-42ba-81aa-e83da9c51f56,11737,O,E,2026-02-06,online
d001d08a-4a79-4334-a228-e11d5e207843,94377,O,E,2026-02-06,online
8f81dc34-c95d-418e-b32a-3686437f809b,492553,O,E,2026-02-06,online
2fc38ad8-4bdf-488f-a4b9-d7abe5954a28,100601,O,E,2026-02-06,online
baf8a1fd-b269-4d61-bef1-aab862243f4b,30672,O,E,2026-02-06,online
482289bd-36f0-43ec-8a60-59aec698ff74,482056,O,E,2026-02-06,online
4ba1acb6-f1c3-45d6-ad06-f9522b51f990,251399,O,E,2026-02-06,online
0d1c9b99-699d-48fd-a09f-7665a24511a0,283791,O,E,2026-02-06,online
15dcaf81-8a00-4e23-9c92-db054c4a78a1,387020,O,E,2026-02-06,online
dce36888-bed2-4d41-aab6-b3d4058b3a00,153889,O,E,2026-02-06,online
01aabf7c-f238-4f15-a184-807b9c191a9b,334910,O,E,2026-02-06,online
7285eac0-5afa-4d3f-b856-282bd7ed82ad,492954,O,E,2026-02-06,online
df42257c-ceb2-44c5-aa14-aaee1944e97d,165044,O,E,2026-02-06,online
8ffadf1c-043e-42d8-b393-80289bd0c809,353318,O,E,2026-02-06,online
d1343507-d05b-4be3-ba0b-5312b9c03131,106454,O,E,2026-02-06,online
fdbb236d-a18e-467f-9e43-608d7230a9fc,466322,O,E,2026-02-06,online
ff673fcf-1e0e-453d-8a8e-e8bfa5b7e28b,450069,O,E,2026-02-06,online
5bb3734a-9a4e-41c4-bf14-2a4553efb4b0,433781,O,E,2026-02-06,online
27fac877-28b6-4266-85b9-a6f070b2d71b,415728,O,E,2026-02-06,online
fd750867-4269-46d1-b8a6-3b5998834e07,182991,O,E,2026-02-06,online
8a5ce98b-e9c0-4bcf-b06a-627ceca092c5,248320,O,E,2026-02-06,online
efc745e6-605b-49be-b230-a38f2cf221ca,343621,O,E,2026-02-06,online
76d088b1-ac3e-407e-9578-433d2be9b766,300552,O,E,2026-02-06,online
d8d4983c-76f2-4cc4-bf55-a4c5d765e204,149932,O,E,2026-02-06,online
ad234505-dba3-4671-a60e-62b886d76405,456394,O,E,2026-02-06,online
c745d9d7-429c-442a-a7da-0d2b2d2243b6,5196,O,E,2026-02-06,online
b15078dd-e472-4383-8dc4-94e61088cf11,201096,O,E,2026-02-06,online
21e7ef5d-426c-49bd-b585-b3b220a23534,443224,O,E,2026-02-06,online
9bed7e5e-6ea8-4b33-83d7-3c0b7f2ff57d,7869,O,E,2026-02-06,online
3d4bd115-4d04-49d0-8512-8e794035a2e6,296505,O,E,2026-02-06,online
c7313532-02e7-49cf-b8c8-8501ebbf5476,389274,O,E,2026-02-06,online
7cd8e809-77b0-4d3f-a0ff-660d28ae987c,72577,O,E,2026-02-06,online
12c4ddab-92a6-4a83-925c-a10769829214,485491,O,E,2026-02-06,online
7a0549aa-f36f-4be0-943c-f5c575c38a0e,289060,O,E,2026-02-06,online
d4da6a64-fe77-4989-a4f7-8b445f8595b2,258770,O,E,2026-02-06,online
a5801815-937f-41be-ba4d-73fe57d2474d,381201,O,E,2026-02-06,online
f7b84b57-fcea-4aaf-a73f-63afc9ac6407,469278,O,E,2026-02-06,online
65280231-62dc-43f2-a7db-3d6683c60640,289743,O,E,2026-02-06,online
25315150-789d-4eee-8653-dadf64c27349,308814,O,E,2026-02-06,online
1fd477ca-a8f6-4263-813b-2f114da2fd06,292779,O,E,2026-02-06,online
5cb7b75b-8cde-41bf-90ff-8def187af84a,228332,O,E,2026-02-06,online
9cb4c7bf-65de-4d4f-9b31-3c430ca45483,233432,O,E,2026-02-06,online
73367a51-4e27-4c26-9eba-5990fab110b7,125205,O,E,2026-02-06,online
a702a098-8acf-4f85-bd28-bc796868bb85,357298,O,E,2026-02-06,online
3a0f5b98-5892-4af9-8954-bd3aeb366303,276603,O,E,2026-02-06,online
8a451b40-8b76-4489-ab55-f48245fd5e60,106351,O,E,2026-02-06,online
76e65036-6e8e-460b-9b55-75148b1cf07a,378701,O,E,2026-02-06,online
a953af9a-196a-448f-9a20-6fd4a421afaf,426780,O,E,2026-02-06,online
b170e0d9-f770-4fb8-8858-3e7ca06763bc,407005,O,E,2026-02-06,online
566020a6-d568-4ddf-9b03-6358b81bf3bf,393862,O,E,2026-02-06,online
098c28fb-0840-4ca1-a233-dc0c98cd17cc,391918,O,E,2026-02-06,online
a7771cf0-c65a-430b-bcbc-b83e1d411451,117423,O,E,2026-02-06,online
6bbd4312-8177-44be-9992-8bc4dd7d5ce3,471695,O,E,2026-02-06,online
4c325523-6b4b-437a-aef5-f384cb4e1233,146904,O,E,2026-02-06,online
cf3c9ca4-2001-422d-af43-4e3ca9b7de4e,194629,O,E,2026-02-06,online
65f3d3e5-85e0-4a56-942f-5162a75aa48b,451404,O,E,2026-02-06,online
b3bcafeb-da53-4498-97e5-0d391f748f61,382998,O,E,2026-02-06,online
2b6ed14f-421e-4d3c-af92-0a8069687dcd,19394,O,E,2026-02-06,online
d1c5ccc1-02d4-4b00-baf3-37b359f5ee0d,14044,O,E,2026-02-06,online
810993ed-f458-4e78-a581-d5e8c9a2f7a6,200122,O,E,2026-02-06,online
6fe34523-a327-4362-96e9-152d784f5ff0,104264,O,E,2026-02-06,online
3c134828-4ec1-49d9-bf4d-fe6b5b179189,430551,O,E,2026-02-06,online
e53147c7-9fe5-497e-8deb-057c9c18b2e1,195001,O,E,2026-02-06,online
82a89265-c80c-4822-9f7e-6b79782158de,252645,O,E,2026-02-06,online
d41b1c4a-3632-4d61-9870-bf90a6805bfb,394817,O,E,2026-02-06,online
f72f7933-7790-469c-8931-89c4b093239d,231675,O,E,2026-02-06,online
61cd0082-3832-46d6-aa80-1e949ea7000f,48755,O,E,2026-02-06,online
538751a4-8308-4a46-bd28-2e8f46a04935,275469,O,E,2026-02-06,online
882bcac6-7258-467a-abc3-9eee20c2e1e6,476777,O,E,2026-02-06,online
ff7d283f-7903-439f-9810-4135553acb31,990,O,E,2026-02-06,online
a94ab62d-2d5b-41ab-bdae-5c200749b06c,205845,O,E,2026-02-06,online
ebb458c4-98af-4310-8bee-f838c3644588,202002,O,E,2026-02-06,online
79f520ea-0114-4a5a-85e4-669303144e29,379070,O,E,2026-02-06,online
9a7c76ca-c89e-4504-a8c6-11fc3c5dd2e5,182436,O,E,2026-02-06,online
81fdaad9-fb12-4470-a3e7-fe90becc1076,40707,O,E,2026-02-06,online
768d00c0-2546-4ee4-a4ec-26a54e65e2a5,342705,O,E,2026-02-06,online
59bea2a2-a26d-4116-997c-78b4afd7f86a,241734,O,E,2026-02-06,online
e27ff43f-efb8-4433-b635-b2d4aae22849,373085,O,E,2026-02-06,online
26be6ff2-f665-4f12-b33a-dcac9c196cc5,117106,O,E,2026-02-06,online
7f508a63-5222-4261-b331-9875b3f44bbb,348402,O,E,2026-02-06,online
7038e1c7-ab92-489c-9067-d48a1b673c19,275746,O,E,2026-02-06,online
794acd53-521e-4883-8a70-a266b27f2b8b,310127,O,E,2026-02-06,online
bbf0870f-6c2b-4348-b90e-f8dcbb4b9864,435583,O,E,2026-02-06,online
71a17022-a263-4d5f-a37f-b02d49c2fddd,331226,O,E,2026-02-06,online
41303e17-27cc-4796-b892-c4d88c6cc9bf,493454,O,E,2026-02-06,online
cc6e6668-68c3-4b35-9337-28af95ce9a7a,69680,O,E,2026-02-06,online
7fb1bf55-7951-48db-ad24-2e9325818407,212474,O,E,2026-02-06,online
32b6bdd7-e698-4e66-b6d4-77d72fa5780b,158706,O,E,2026-02-06,online
635ab372-d42c-439d-b7c8-40f96e5bd127,133655,O,E,2026-02-06,online
29019945-4942-4df5-bdaa-18fe654eb6ef,200698,O,E,2026-02-06,online
d6a30e77-bcfa-4d1d-9885-723b5183e0b0,384214,O,E,2026-02-06,online
1140ab00-19ed-46d9-84e7-7ab746a4c73f,209163,O,E,2026-02-06,online
8bc9f0ce-ad6f-4d02-b652-d58493fde074,376531,O,E,2026-02-06,online
93f725bd-f5de-48e9-bb32-b9968d493f43,211745,O,E,2026-02-06,online
bc13f408-c80d-4435-94e4-7e41be4919b4,97846,O,E,2026-02-06,online
1203184e-d536-471a-a5ba-75ca57821fc9,478174,O,E,2026-02-06,online
7b26419f-99ce-4018-a497-1ec68ca5d782,265935,O,E,2026-02-06,online
b9bd65c3-86f5-4680-87da-8b7969d05abf,206035,O,E,2026-02-06,online
aba29cba-6b7d-4ee6-9db8-71e2ca879674,251661,O,E,2026-02-06,online
00619319-f24b-4d83-be10-eeadb3af15b5,428593,O,E,2026-02-06,online
df9a7bfc-3272-4a1e-b7b5-7ee214c9a597,413530,O,E,2026-02-06,online
5b70628e-d0fa-48b9-a309-d29bf7ce85db,109087,O,E,2026-02-06,online
8ddff0fc-db3a-43c2-8051-71a7e6f2e4f3,479307,O,E,2026-02-06,online
6fd37bc5-254b-4c4b-84d0-6fdcb80a98b0,426632,O,E,2026-02-06,online
6443c058-ac22-4db3-852d-d69e04fd630f,330506,O,E,2026-02-06,online
878ab902-ddd1-4090-b044-e0393c77c69e,81671,O,E,2026-02-06,online
bf8a94a2-124e-4c56-9a4e-a439759c74c6,482836,O,E,2026-02-06,online
1b8f7dd2-6865-4a8d-8e06-f66be38fa925,457827,O,E,2026-02-06,online
e75f2396-0a54-4cf9-a68b-ab394a414823,175178,O,E,2026-02-06,online
074a3a46-4db8-4a3d-b12a-4eb03bb80721,369025,O,E,2026-02-06,online
a18bcb45-fe12-4e9b-8d17-2ed59c34ef6d,169034,O,E,2026-02-06,online
fcaff3c9-0580-4b40-9786-f770ad79af63,421341,O,E,2026-02-06,online
09a17597-9551-4d21-aa2a-871f5d6f1616,80224,O,E,2026-02-06,online
105fb467-29a9-4362-aeed-063ee1e58c1c,214118,O,E,2026-02-06,online
376a1760-dbde-4d96-9415-0be9e76a4370,400304,O,E,2026-02-06,online
17e9b5e8-ff74-42a7-90eb-e08212d63921,455369,O,E,2026-02-06,online
d8cafd9c-ae51-4012-bbcb-8a8fe094aca0,7981,O,E,2026-02-06,online
f556c827-3bbd-491f-aa0a-1c6e4c8cb2ad,404519,O,E,2026-02-06,online
274f3d1a-c40e-4686-9d45-062268245297,351342,O,E,2026-02-06,online
66bc7b97-30c5-4571-95fc-984ce671f0a8,292156,O,E,2026-02-06,online
99308c5d-38b2-4748-a555-55471879773c,142269,O,E,2026-02-06,online
1c7f19ed-5cb7-45ff-bb89-f1848abd8782,354473,O,E,2026-02-06,online
396efa15-5c75-439a-b447-f98a80e1e412,72226,O,E,2026-02-06,online
0c50a5e4-95f9-4f52-a145-d0c6effa983c,82374,O,E,2026-02-06,online
57cd9155-2f0e-4371-91c8-bce4825e19fc,21200,O,E,2026-02-06,online
f18dc946-f670-438f-8e95-e5598e4a9a8c,63992,O,E,2026-02-06,online
348125fc-5249-44f8-8f3c-7202db312cb4,275479,O,E,2026-02-06,online
af322133-6154-4f9a-a896-9609a89764b2,290830,O,E,2026-02-06,online
245fc182-1554-4cc4-84aa-86d46011e675,367338,O,E,2026-02-06,online
57f4f213-6d3a-43c8-9be2-822a83c7158f,163335,O,E,2026-02-06,online
c30b516d-7f21-43c1-8d72-bb36ced9101a,385255,O,E,2026-02-06,online
4e3a10ec-98b6-41e7-afce-52597768a62b,160338,O,E,2026-02-06,online
527c84c6-0007-4c2a-ac69-88ed3499087e,31387,O,E,2026-02-06,online
746cb44b-fd98-4544-b06e-bf8e634189ac,119099,O,E,2026-02-06,online
fa87dd5d-6423-4628-87a7-43a3f588160b,186161,O,E,2026-02-06,online
de04380c-5392-4731-a6c3-97caea45af89,2349,O,E,2026-02-06,online
9cf33f41-061c-4b1e-a1e5-47f811dca2cb,116903,O,E,2026-02-06,online
7859445d-f956-4a1a-827d-30742a2902f1,280836,O,E,2026-02-06,online
275f618f-a2f6-4738-983f-8605fd021926,204243,O,E,2026-02-06,online
5b53a6b8-fe34-459b-be6d-3b791a4f0ff8,217742,O,E,2026-02-06,online
be43e38c-e9a0-49f9-98c1-c3c1cb51aa44,186734,O,E,2026-02-06,online
1a3c7886-69b9-471c-b9c0-b57666fb9dae,155317,O,E,2026-02-06,online
f9f16813-a169-4712-9a75-f21eb3693607,9077,O,E,2026-02-06,online
d7824d69-4567-47c8-8b84-0d79befd0a07,204166,O,E,2026-02-06,online
96995d95-75eb-4c95-bdff-e8dc96266922,61222,O,E,2026-02-06,online
d63c7ec6-a3cb-4884-823d-bb9b9c5869c6,105457,O,E,2026-02-06,online
46854589-e32d-40ca-982f-d220f7e60b6a,408808,O,E,2026-02-06,online
9b7d5f46-cd27-4d56-b05b-9fe83eaedd7c,51515,O,E,2026-02-06,online
02da48dc-8754-49a3-9529-862200cbe031,126603,O,E,2026-02-06,online
17293cf9-9481-4284-8bcc-624b343522fc,377296,O,E,2026-02-06,online
90ed947b-272e-498f-abd6-ac1e1b69bfac,95114,O,E,2026-02-06,online
9fa3bfce-121e-47f1-82a9-0a55fc0aa105,219629,O,E,2026-02-06,online
4d516b52-5060-4717-ac2c-6844ab5ae63f,251968,O,E,2026-02-06,online
d38242e8-7511-4d33-b89a-2759f5471f15,266971,O,E,2026-02-06,online
7a071a99-17d9-4b84-95cf-906ce30b2c77,320607,O,E,2026-02-06,online
ee0e7c97-02c6-4be5-a9fa-39c631505180,48743,O,E,2026-02-06,online
0ea631fe-1815-45ba-8d00-b806d4db21aa,232430,O,E,2026-02-06,online
09ab70dd-e765-40f6-a985-5724c4c8e56c,73373,O,E,2026-02-06,online
47ba0956-723b-4bf1-b8d0-6e9c4cbae952,176655,O,E,2026-02-06,online
a1653ceb-2e3b-4118-bc4c-170875d98d70,265011,O,E,2026-02-06,online
381acf1b-8439-44a5-9e67-b0bf192629b3,352287,O,E,2026-02-06,online
05708a98-3d04-48be-8e9b-c7fdc872bb30,239562,O,E,2026-02-06,online
2f1b0c71-2579-4130-9a15-951336cd598f,152693,O,E,2026-02-06,online
a38c1e9d-d546-4bb4-9e47-c20f8e8df4af,163875,O,E,2026-02-06,online
1a119053-e010-47af-9da0-611aa346bfc4,8969,O,E,2026-02-06,online
1f4b9926-9d3a-4f47-babb-4905070a8f62,161206,O,E,2026-02-06,online
9b99e8d1-ac5c-4b6a-bd1e-868ef046808c,48364,O,E,2026-02-06,online
96df7ef3-10ef-482b-ad7d-97ad0b2ff738,72910,O,E,2026-02-06,online
bf99c5ac-b160-4ba0-a61d-8577b3fecb49,482392,O,E,2026-02-06,online
5e3ff330-9c46-46db-83ae-b2c28917c875,158996,O,E,2026-02-06,online
b8957da9-6a1f-4d02-92c2-25e8a3eb7f97,151754,O,E,2026-02-06,online
1b51e7ad-387e-4aa8-a9ba-31972db0afd1,328610,O,E,2026-02-06,online
6359eab2-872c-46be-a844-6aa51b746107,31575,O,E,2026-02-06,online
c735efc2-b680-4296-9b55-1290c42af41b,116432,O,E,2026-02-06,online
5978ab91-2a0e-448c-808a-59f916430046,467882,O,E,2026-02-06,online
b866c802-02dd-4c87-97bf-b5731ad97746,45781,O,E,2026-02-06,online
4e2ec63f-296c-45de-a80a-d479fb9059a8,162797,O,E,2026-02-06,online
471b2b1b-971d-4735-a5c7-4242608f8507,488681,O,E,2026-02-06,online
8ef8c225-79a6-486b-a727-29a80637f325,233026,O,E,2026-02-06,online
53ce9444-34bd-4fac-8c8c-9e9a305ebf30,109934,O,E,2026-02-06,online
b1734d1b-bdc4-4a3c-92a5-d1a6fcb993b0,54617,O,E,2026-02-06,online
8d15142e-2f8b-4143-914c-f4b79d2a61f3,154082,O,E,2026-02-06,online
b91c303b-172c-4885-a616-e56fb2e32060,492663,O,E,2026-02-06,online
81253b43-d8bf-4898-99c6-e54936eeafce,46101,O,E,2026-02-06,online
96080399-197c-4b0c-9c10-e141bd47c1ef,341658,O,E,2026-02-06,online
af1c02cd-e5d8-4cf7-bae4-1518d0d71f4b,422123,O,E,2026-02-06,online
62c4d06d-83a7-49d0-a331-5ce93b911aba,6253,O,E,2026-02-06,online
13e46831-f175-45b5-88e0-75f9ca01af88,247302,O,E,2026-02-06,online
55bec1fd-034f-4f7a-8b60-f38ba653a9d7,325331,O,E,2026-02-06,online
45af2a9a-ca70-447f-9acd-1b1f11ba2220,346061,O,E,2026-02-06,online
be7864e5-aee7-4759-808e-d6380f38b559,201907,O,E,2026-02-06,online
9b38c187-b665-4ed8-ba7d-4bc16d02f32a,280600,O,E,2026-02-06,online
4fe16d8e-0d3d-4c39-90b1-a8f7b8b5b809,344269,O,E,2026-02-06,online
8ab52815-8148-4035-8035-115db6f8b23c,373611,O,E,2026-02-06,online
d81df5ac-116a-43a2-ba12-82afd2077cf5,249657,O,E,2026-02-06,online
3dd6065b-67de-4cab-8f9f-ebc8384d3a8a,350917,O,E,2026-02-06,online
962fdd49-3dad-4111-94db-324a6d0d4f4c,198076,O,E,2026-02-06,online
feef720d-9b71-4340-bb74-565fe269c7d0,374196,O,E,2026-02-06,online
87d14965-e919-45e5-8704-c1450d9ca4df,36782,O,E,2026-02-06,online
90326a5a-7269-4740-b972-aad9c437feda,118950,O,E,2026-02-06,online
3fd4a4d7-ab71-4320-bdc2-b2508b67e1c3,266477,O,E,2026-02-06,online
29c617e9-7568-4eab-902c-06167cd87a3c,131726,O,E,2026-02-06,online
5e5a30c2-f0cd-466c-83b5-3cdfe059fad0,419766,O,E,2026-02-06,online
074ee6e2-e4a0-4eca-a620-3727a0b16a91,280974,O,E,2026-02-06,online
447fca4b-ef09-434f-ad77-3911e7c14c18,495158,O,E,2026-02-06,online
e0e89f5f-0a33-4db4-b7a7-583f6a5a667e,296351,O,E,2026-02-06,online
80b94fe6-2731-4063-a620-578ed7beaefe,242307,O,E,2026-02-06,online
28deeb51-3711-4000-ac1d-7b26dea30b59,250150,O,E,2026-02-06,online
60adbf7b-eaaa-40bb-9ae3-c7bb37b5baae,7588,O,E,2026-02-06,online
0f218360-4b7b-45d6-9670-6d6211648f0c,27339,O,E,2026-02-06,online
5719a26c-4fb2-42a5-bd43-b5e1d24b6da5,262765,O,E,2026-02-06,online
ae64ee9f-b9a3-4bc1-9b1d-0d0deb705049,364496,O,E,2026-02-06,online
16fd33a4-096b-475e-a27a-0d98d59f4ae1,186204,O,E,2026-02-06,online
a54a275e-5d1a-4341-ac03-6e19024e560e,101614,O,E,2026-02-06,online
d1b2a4f3-145f-4e19-9860-e31091e9f549,396609,O,E,2026-02-06,online
337832df-3f67-4f0c-b806-bb26ddf3b00d,218694,O,E,2026-02-06,online
4df627da-1245-44cf-8ae7-5a7429194b0c,283881,O,E,2026-02-06,online
857745be-f1d1-44ef-bc90-66acda5f1705,469669,O,E,2026-02-06,online
eeef527d-de9b-4996-b587-84871fa2847e,110490,O,E,2026-02-06,online
4d3defc8-854b-4691-b195-b47461b64044,475771,O,E,2026-02-06,online
968a2aee-8769-47d0-8e69-7155fb7eb93e,122863,O,E,2026-02-06,online
8edeec5f-745b-499b-a9a4-6b639691d79b,233644,O,E,2026-02-06,online
b4d47351-09b7-4e1c-ad91-daf9ae246eed,324856,O,E,2026-02-06,online
4f68f0f9-2a3a-47fb-ac42-54791a97087c,410836,O,E,2026-02-06,online
0e3fb4f2-f1b9-4317-9137-470f2296e7db,389691,O,E,2026-02-06,online
b4bc34ef-5d64-47c0-9a37-922befc0a625,204310,O,E,2026-02-06,online
7cc6ee2f-255e-423d-ac9f-17d003d6f4c5,419013,O,E,2026-02-06,online
23bca837-3e15-4544-baa0-f2500f22ca55,403047,O,E,2026-02-06,online
8a36f4be-245c-492f-9d4d-58f703b39ce3,275482,O,E,2026-02-06,online
c5d14a73-6599-49ff-8f72-340b1ff85132,366318,O,E,2026-02-06,online
571697e2-8e5c-4c91-ab7e-2e9e5d4e43fb,201155,O,E,2026-02-06,online
54c8f21f-7310-49f8-a563-ba6ca0cb9004,140255,O,E,2026-02-06,online
93d4acbc-921e-4bf7-9994-99635075b7dd,282655,O,E,2026-02-06,online
346aeb47-9d99-4f3c-839d-d92ea15195ed,131023,O,E,2026-02-06,online
bcd6172e-284c-46aa-9083-4e116f690a14,359787,O,E,2026-02-06,online
7f27a836-6f67-4ad2-8de2-edb6c04c2738,426095,O,E,2026-02-06,online
dff8d858-6205-495c-9a64-b3cf7a22bdc9,260866,O,E,2026-02-06,online
9caa67da-9eb3-4197-a6ad-ebd269eb842b,171142,O,E,2026-02-06,online
de7df10f-1204-4d1c-95ad-b189b55eb1a3,489410,O,E,2026-02-06,online
2ab7d749-41b7-435b-ad2c-50a113d38612,295218,O,E,2026-02-06,online
3a687900-5649-4b20-b01f-b9dd246b939e,271881,O,E,2026-02-06,online
a1ef0c64-682b-4ecb-b85c-ad17fbb63f06,136451,O,E,2026-02-06,online
ca6f6441-18e8-49bd-8d81-931faf3851bb,297444,O,E,2026-02-06,online
be92d5c7-15e2-40b3-b552-3d6c109a5f0c,120524,O,E,2026-02-06,online
abe09e29-abfe-41ee-81d7-cd0c2174c693,946,O,E,2026-02-06,online
aeeb61cd-81f7-4251-95cd-24dc709607ec,211139,O,E,2026-02-06,online
c9436b69-66d0-4d76-a435-8dcdea918cb9,447043,O,E,2026-02-06,online
89c1c4c9-d852-48bd-b0e2-be7f9a640c69,420082,O,E,2026-02-06,online
cd9f6713-76be-434f-996c-09b49d81b0f1,318287,O,E,2026-02-06,online
8e6057b9-bf4c-4e66-9676-1521d3e363d3,449366,O,E,2026-02-06,online
5234f7ab-b69d-4a60-a904-44e30de2ad83,428864,O,E,2026-02-06,online
7a8eb391-1221-4b40-ab7a-b20cc0937c3f,251310,O,E,2026-02-06,online
52ad5692-e916-494b-b2fe-f47d236dd52b,228080,O,E,2026-02-06,online
33a38c72-3006-4c3d-99b7-9e3d9ee57f96,217404,O,E,2026-02-06,online
d769bf83-14cc-40c1-b31c-3cee8dff91ad,21868,O,E,2026-02-06,online
39388bf7-81dd-4e03-898b-b518acd36138,86881,O,E,2026-02-06,online
8c17a5cb-af34-4932-8d33-ef6f03268786,256628,O,E,2026-02-06,online
785981f5-4cf2-40e7-b6cf-1fe0a8eddb0c,163672,O,E,2026-02-06,online
855ceff8-6202-421f-86ec-921df8c99587,308461,O,E,2026-02-06,online
0d207aef-7688-456d-89a0-6a267c8d37ec,409179,O,E,2026-02-06,online
9cdabf32-92ee-4a47-98b9-e09c48bb9b23,236818,O,E,2026-02-06,online
c5eaa472-922f-444b-93b8-80d9572465e2,297375,O,E,2026-02-06,online
b338ee36-ddbc-45f4-97f1-464f409d137d,396329,O,E,2026-02-06,online
41ca12a1-5343-42a5-b9f1-a907d0e553cf,199540,O,E,2026-02-06,online
e8fcf846-e64e-4a91-ab70-de33f507c828,498748,O,E,2026-02-06,online
6e8de7d2-6f23-4b7d-98af-650f289715b3,308647,O,E,2026-02-06,online
c607ec19-66a4-400a-94b8-30177b6441d4,237708,O,E,2026-02-06,online
9dba839e-09bf-43c2-a216-b20d86747d9a,428490,O,E,2026-02-06,online
7e7139d0-0879-4b9e-bd27-12445970024e,23631,O,E,2026-02-06,online
1c2554ba-cf0c-40d4-a468-cea699b65c3d,277455,O,E,2026-02-06,online
82308d7a-391d-4020-bf6c-8a88c1b064e7,361715,O,E,2026-02-06,online
857ce8e1-b83a-4d1b-919d-a3b70a79edc7,359354,H,L,2026-02-06,online
79c5bfee-6715-4252-a14e-fd28a9761b01,474369,H,L,2026-02-06,online
02803d6a-cbc3-4487-beb9-6d5ded5467cd,306253,H,L,2026-02-06,online
bdb5c2d8-f109-4029-9f64-28b63c434b4d,421052,H,L,2026-02-06,online
22af406e-ee6e-4412-8d4c-ca94ed837f17,266566,H,L,2026-02-06,online
5f884e33-1232-4bd1-b4b5-23faed089bc4,325218,H,L,2026-02-06,online
15557b90-c6d5-48c5-9621-d8a1780fb684,301356,H,L,2026-02-06,online
023260aa-7667-4da8-b429-f0f242e213bc,42094,H,L,2026-02-06,online
28a31e5a-e56b-43bb-9d92-2c6d0f676f83,407231,H,L,2026-02-06,online
69a1f0ea-a5d4-4c90-ae3c-85e471ab14b5,148419,H,L,2026-02-06,online
a7f0b109-e574-4c80-a0e6-ac5214f6c2c4,426929,H,L,2026-02-06,online
aa17c301-ac6e-49d1-8d85-19e45c7fdd9b,489125,H,L,2026-02-06,online
079793c8-1262-4e3b-8ce9-4eb9bd13f5e5,29076,H,L,2026-02-06,online
79424895-1cd3-4f9c-bffb-d0b6f5aa05e4,482320,H,L,2026-02-06,online
fd0d42d6-21d8-4186-a9e9-7fd4b5d54d51,247410,H,L,2026-02-06,online
901b8558-0063-4781-945d-8ce9e2105f34,357085,H,L,2026-02-06,online
3a417925-3522-43f0-9070-7ca992beeed8,206582,H,L,2026-02-06,online
293c3be1-7dc1-494d-9467-2e4429d520fb,443350,H,L,2026-02-06,online
8795bacf-ea3d-42ee-a125-0b4416fc50a8,67958,H,L,2026-02-06,online
9127a001-3589-4d2f-ac07-0ca3bb18986a,476939,H,L,2026-02-06,online
86f7b1aa-2c0f-4d81-a13b-422ed63c13d0,232379,H,L,2026-02-06,online
c2fdfd35-6e3e-4893-aad9-546f29565ce7,269791,H,L,2026-02-06,online
e02d488d-1087-408d-bc30-8995e66836af,176839,H,L,2026-02-06,online
ce001e0f-fae9-4c54-b93a-bb867de08a9d,16316,H,L,2026-02-06,online
8d8fbcb3-af5d-40a1-b80d-8ca8058a8272,365002,H,L,2026-02-06,online
5ed3fe06-1ba8-4f8c-860a-2d929100d31a,377539,H,L,2026-02-06,online
b9219a25-9b0a-4164-b7fa-805f12556441,2523,H,L,2026-02-06,online
2073c141-6c68-4548-bf5c-4604ce2a015b,322366,H,L,2026-02-06,online
942dfaa6-3c44-4a81-94ac-d2c3f9a3da84,5969,H,L,2026-02-06,online
78c6c125-dfc9-4fcc-9d7a-5e8aa59a8ff7,487684,H,L,2026-02-06,online
1c43d35e-d76f-49a3-abfe-5bcb03cd3be7,97734,H,L,2026-02-06,online
5e538c24-e459-4bd8-94a4-dd1c944dac37,435834,H,L,2026-02-06,online
9b7151b6-4d4d-443b-890b-1c90281da635,388336,H,L,2026-02-06,online
65bc9ead-091d-4a04-8b6b-20b1e9324069,441755,H,L,2026-02-06,online
f66122d4-44b3-4146-bbb0-aa695b4ab833,350590,H,L,2026-02-06,online
c7fc5f7f-045c-4e31-8f53-5f547055ee9f,180200,H,L,2026-02-06,online
98244cb4-5755-4328-9984-062d5266f979,190248,H,L,2026-02-06,online
325aff2a-569e-460d-94ab-4e3eb43d6d7b,409927,H,L,2026-02-06,online
5cafb8d9-2893-4b7e-8754-c125a1459a61,435664,H,L,2026-02-06,online
7e269dde-78df-4425-89e4-245402b2612a,312178,H,L,2026-02-06,online
65c43c49-4a0b-4532-94c4-cfc3300ba648,412185,H,L,2026-02-06,online
dd5fd271-8934-4b02-9332-4a7635b64926,466176,H,L,2026-02-06,online
71d444d0-0068-4c00-8b48-9c3dea58cd92,68435,H,L,2026-02-06,online
441f2627-ddb0-4e3e-b1c6-e24e5d612fcc,416779,H,L,2026-02-06,online
2d2e186b-8b54-48df-bae2-f9061ac3ab9a,230273,H,L,2026-02-06,online
8d052859-66f5-4f3e-965b-caaa0e94d7e2,396755,H,L,2026-02-06,online
0a460a19-a614-4926-9be8-af2a27ad36e9,88160,H,L,2026-02-06,online
a6439f8f-9cb3-4004-8330-75c1a7bb734a,61833,H,L,2026-02-06,online
af252fbb-ce52-4c11-8a26-7fbaef588e9f,22932,H,L,2026-02-06,online
7eed6e16-28c4-4b8b-8c81-12a0033776c7,326269,H,L,2026-02-06,online
2bee404e-7698-45d6-a061-a0d06ac7125a,20318,H,L,2026-02-06,online
9836bbdb-f5a9-4248-8c79-2cd2bcc79de4,146470,H,L,2026-02-06,online
d54d3c0e-3525-413a-b9aa-8b378a2aaba7,364111,H,L,2026-02-06,online
2737e34c-a690-4aa9-bb2f-8f8fe2ea95a8,239016,H,L,2026-02-06,online
859a028b-b1c0-494c-a5e6-74511499dba6,440378,H,L,2026-02-06,online
9b83ea3f-b0fa-4073-b339-991557cbd772,16435,H,L,2026-02-06,online
8da2c3ee-3718-44ea-b588-bab9bf7e6cb3,12955,H,L,2026-02-06,online
ae089187-dd5a-4390-b6ab-a4c743c3ad14,373764,H,L,2026-02-06,online
63c4c16b-a1d7-4c83-92b4-3513588f98bd,16399,H,L,2026-02-06,online
78e665b1-093f-4e69-8caf-decc709a14a1,363223,H,L,2026-02-06,online
ceeacde6-7c04-421b-89cd-0fd9f4037b24,105194,H,L,2026-02-06,online
867cac3f-7c81-438b-a0ba-6abebf3f9cfa,128743,H,L,2026-02-06,online
cbfeb6e6-c4e3-4537-b89b-a3ddf9e57ef2,50273,H,L,2026-02-06,online
74a8b3b5-647a-4cb7-8f80-0166f9c31a9a,78441,H,L,2026-02-06,online
98158f8b-eeda-447a-bb58-7f4dc3305b3f,177951,H,L,2026-02-06,online
d3b39f08-2f8e-44dc-83a5-8436f6db709d,199872,H,L,2026-02-06,online
f39ad8ed-7472-4152-bf02-20d632f944e3,416769,H,L,2026-02-06,online
fb0e5891-1b7c-42e3-84f1-9edb56302cd6,453236,H,L,2026-02-06,online
f6e243a1-5090-4a7c-8046-8fdb3fdf84eb,249773,H,L,2026-02-06,online
06603c01-f789-47be-a450-a4b9cd3c2e99,18885,H,L,2026-02-06,online
6e57ba82-78a2-443a-a59a-9f1212a21538,381242,H,L,2026-02-06,online
e6bc2f2f-62d4-448b-aea9-4196bc27f9d7,129372,H,L,2026-02-06,online
f90bd2c8-501c-409a-83ff-d27f7ba32ed1,462180,H,L,2026-02-06,online
5d227a7d-5ad1-47d6-92b7-730cf4b4449a,367099,H,L,2026-02-06,online
cbc1731d-d517-46d5-9089-3b511f5ab629,429678,H,L,2026-02-06,online
b1e37a2d-6c82-4596-b53f-b2fc91a49940,215181,H,L,2026-02-06,online
420fbd51-f22b-4f11-9578-e78e7ebda112,19523,H,L,2026-02-06,online
dcdd6b58-43e6-4f00-a626-794d625fc25c,434669,H,L,2026-02-06,online
af9dfaec-9183-43d9-89c4-df312f09e6b0,414204,H,L,2026-02-06,online
c497925f-3657-4f3b-9864-035d403b0e75,365873,H,L,2026-02-06,online
638e5ba7-1b09-4718-87f4-2da5adb0b788,320565,H,L,2026-02-06,online
aa7f1b8e-ed91-4356-99ba-119872fb2388,429628,H,L,2026-02-06,online
9b78a503-b092-4748-814e-c36a6e609303,97771,H,L,2026-02-06,online
65de215b-b626-42fc-bdcf-e45d67b9aa7d,367647,H,L,2026-02-06,online
754bab03-3fcc-40cb-9ae5-ac738aab2975,145130,H,L,2026-02-06,online
d9bbdb79-d34e-4b5b-8752-232d72a6c9f9,234130,H,L,2026-02-06,online
cd82cda3-5b17-4c9c-865d-b42fb134a57e,219046,H,L,2026-02-06,online
9986b867-6b5c-4391-900d-58d2241f79ae,442986,H,L,2026-02-06,online
87bb1531-f2d1-452c-afa8-1fb088f16af9,355054,H,L,2026-02-06,online
d1bf468d-183b-4e16-8730-382d500f5b37,295358,H,L,2026-02-06,online
34e15703-cf41-47a8-97ce-338494b65488,49091,H,L,2026-02-06,online
e8aab514-876d-413c-9a6b-e989075db18f,407464,H,L,2026-02-06,online
6506d22d-ed63-4712-9964-1d7947e14475,253757,H,L,2026-02-06,online
2afb6044-b8fc-4ab8-82e2-dce0f0423cf0,42564,H,L,2026-02-06,online
8e75de50-9bb2-4520-ad75-5cbaf98f8432,198975,H,L,2026-02-06,online
68e8484e-b117-4bac-8b6b-0ed7895fc7a4,266962,H,L,2026-02-06,online
d17909d0-f557-4130-865d-a8979dd4cea4,261396,H,L,2026-02-06,online
29a82dc9-5398-4d1b-acd9-2c48169a5c6c,418105,H,L,2026-02-06,online
73761b4b-c9b5-47c6-b353-9d538d27ea6e,122003,H,L,2026-02-06,online
5af42aef-6b96-4fff-93ad-1486407a511e,33639,H,L,2026-02-06,online
4d47c109-eedd-4208-97e6-444b49866eae,252457,H,L,2026-02-06,online
847df5bc-a14e-470e-930c-9d89e36eaed7,25442,H,L,2026-02-06,online
c18893ba-bd3e-4f49-8ec7-972eb3aa02b6,394736,H,L,2026-02-06,online
0e047078-f3a7-4309-a849-4f8ce50873d7,421050,H,L,2026-02-06,online
1f9ca2e2-8f67-4ef9-b358-1f79d002ce99,112557,H,L,2026-02-06,online
cd0d7dd2-3472-42e1-8a5d-9165fe3b00b9,431738,H,L,2026-02-06,online
c511d5d3-f4c5-47f9-bdcb-24b9d54aa216,150681,H,L,2026-02-06,online
27c10836-8ec5-4c4e-9ecb-b22cb3c67c15,104580,H,L,2026-02-06,online
5f3ec311-7dd7-4d6c-82c9-c4561fe935d6,255565,H,L,2026-02-06,online
90d98934-480d-41b8-8b72-5ce710cc8627,249539,H,L,2026-02-06,online
32d29faf-e063-4032-ba15-af3d8ccb7a8d,291137,H,L,2026-02-06,online
d379a09a-0f82-444f-b5bc-4a4bc0ace362,191894,H,L,2026-02-06,online
a5df0519-e395-4278-822b-f52bcd0b21e2,350259,H,L,2026-02-06,online
005bf480-926c-4856-be8d-00c91adf4641,440758,H,L,2026-02-06,online
e0c8660f-429d-4624-8d95-275fefc95de9,216620,H,L,2026-02-06,online
31c7dcc1-452d-46c8-9f80-f1a0124b2c13,200659,H,L,2026-02-06,online
abe50155-2ba8-4cf5-93f0-b768f98f8a2a,136420,H,L,2026-02-06,online
bc79742a-59f3-43dc-9505-6a95db35dc67,292650,H,L,2026-02-06,online
ee2f40ac-6c22-4806-8844-6f0676668c0f,132834,H,L,2026-02-06,online
2d35075a-6ef0-4b3b-8a6b-ca78897e77b2,135008,H,L,2026-02-06,online
f3c8cb42-c48c-48e8-9ee8-901089b0ba13,326736,H,L,2026-02-06,online
bcad40dd-9b92-4e12-8a62-e8b5edb32d43,115814,H,L,2026-02-06,online
0a8701c9-b6fb-4883-9aca-e7846faab176,407905,H,L,2026-02-06,online
3b3644ca-2faf-4bd5-b1c1-d38a1733c400,290671,H,L,2026-02-06,online
c3db19ae-b690-4adc-8deb-08cb0e724aa1,266838,H,L,2026-02-06,online
88bc4af2-af06-420e-b0f3-fc2b8aeacdce,54831,H,L,2026-02-06,online
85dcb9d8-88b2-4e14-b2c6-30748ebf3e9a,161584,H,L,2026-02-06,online
07eec46b-104c-4a5c-80cb-c9f439602174,51359,H,L,2026-02-06,online
3fff61f3-4f13-4b27-aa19-40da4d40e516,424210,H,L,2026-02-06,online
cd07dc67-2d3a-4567-8aab-68da5153cf84,131938,H,L,2026-02-06,online
4b33d222-8572-473a-8589-30b284f547ec,63278,H,L,2026-02-06,online
7dbba934-8b6c-4959-a2d8-1970d5777033,58389,H,L,2026-02-06,online
92c6e33e-14fe-441d-9ffd-aba5e5818448,353783,H,L,2026-02-06,online
a85bff1f-19ee-4043-9d82-68e6cf80bef8,200737,H,L,2026-02-06,online
64c5ac32-adb5-4cac-8424-95c677daac12,94540,H,L,2026-02-06,online
72fd37a0-dd74-4763-ac60-8613cf669078,498140,H,L,2026-02-06,online
e0f702a6-8094-42b4-a537-52d35d121196,280542,H,L,2026-02-06,online
f6fb01a3-192c-4a2b-b271-0df398844078,298692,H,L,2026-02-06,online
8427e47b-f201-41d1-8cb8-4c6cc6d3874e,380318,H,L,2026-02-06,online
77bf6fe6-2548-4eef-bbbe-49c40764b837,312503,H,L,2026-02-06,online
40c76a5d-318c-4fea-8cae-267bb2be430f,437449,H,L,2026-02-06,online
a896fed9-76e5-44d4-8b30-852bd47c3ab3,314205,H,L,2026-02-06,online
5cf7acad-21fa-4b0e-a1b1-ee9fd3076bfa,31870,H,L,2026-02-06,online
cf0d5b3a-0863-40d9-b5a0-a4c7cfa3027c,402544,H,L,2026-02-06,online
50693b4e-ea20-4c3a-a796-56f1b4caf630,273094,H,L,2026-02-06,online
4afb839e-065c-43df-8023-6a7ff4263a67,432201,H,L,2026-02-06,online
aaa89b46-d481-4139-9f9e-31679ef583a5,417877,H,L,2026-02-06,online
2b310e9e-a26c-4675-be2f-2052a7a515c1,122156,H,L,2026-02-06,online
dc84afd1-407d-494c-ac27-364ce831c323,391822,H,L,2026-02-06,online
3bc33dc5-3898-42ff-9516-31741df30e9e,260609,H,L,2026-02-06,online
260d10fe-b2b8-48a9-ad3c-e9a617d5a37c,378208,H,L,2026-02-06,online
22cd7ff8-8fff-4b98-92f9-a7993f6d2319,131491,H,L,2026-02-06,online
83898a1f-aba7-47ae-9a0e-03c593eafea3,493211,H,L,2026-02-06,online
2570f4bc-d4e9-4cf4-b0ac-ba0d33a1e9b7,251224,H,L,2026-02-06,online
65400251-47a7-450f-9142-16ed7bee9cfc,89406,H,L,2026-02-06,online
f8cc1b67-b98b-4a7c-92ce-bbdd862a2297,473489,H,L,2026-02-06,online
bd56a920-c1b0-4a9a-be67-ccc741a67dc6,243098,H,L,2026-02-06,online
d5aa5823-45b9-48a7-b08f-817a4768a105,275639,H,L,2026-02-06,online
1b5ef48a-cf4b-4c07-a45c-b912d7e2add8,371907,H,L,2026-02-06,online
b44dc6e9-0170-44d0-b5c3-6c7a3a33b567,370357,H,L,2026-02-06,online
2ca2b0ff-27ea-4b8c-b2af-8f333ff8b98b,284511,H,L,2026-02-06,online
76556fb6-8f47-4ded-b669-6967f89d4901,90621,H,L,2026-02-06,online
443faeda-db47-489f-be36-9230c9e66b29,372014,H,L,2026-02-06,online
312fb687-54dc-47d5-a9fa-a5f80de529fa,434426,H,L,2026-02-06,online
7c8b590c-3684-46e5-b15d-8e869ac065c4,238919,H,L,2026-02-06,online
8d2df6e1-9c33-4e38-86bb-1e76032cbb8e,294661,H,L,2026-02-06,online
11c58f50-7baa-4565-bdd8-57ac9a9bbf78,447122,H,L,2026-02-06,online
1a514c3d-a994-4f00-bd69-677ef1d8ecee,193984,H,L,2026-02-06,online
00a4b362-33a1-4e8f-8135-12aa1482025e,446967,H,L,2026-02-06,online
ab738be8-a562-4df2-9e9b-a89d07760020,345578,H,L,2026-02-06,online
344f14f2-015d-453c-8af4-218249692d1e,330438,H,L,2026-02-06,online
0b9b8bac-d7d6-42cc-8598-f89f849a53aa,179997,H,L,2026-02-06,online
6ce4f006-d181-4210-be8e-44a3d01496d1,170162,H,L,2026-02-06,online
caaec66f-4f66-46f4-85f6-f5dee1ff3284,248835,H,L,2026-02-06,online
d5ae4eab-bc3d-4a90-8149-ec2f7bb9f2f8,93746,H,L,2026-02-06,online
64e7177f-8420-4d92-9ccb-de31a3a1c3a7,247284,H,L,2026-02-06,online
01a04b0b-d782-40ca-a9ff-a86d3640be33,21493,H,L,2026-02-06,online
3aa4f467-85b1-4a74-9b1f-b4b4b69cf80b,363876,H,L,2026-02-06,online
886df3c4-dd9e-44ff-b3f8-304f528f70b0,289654,H,L,2026-02-06,online
f60d32fa-d357-4086-89a1-36190f68421e,9443,H,L,2026-02-06,online
3d76bfd5-3c92-4e85-8135-7e59c1c44c4a,64014,H,L,2026-02-06,online
46a81f48-eb09-48d1-b8f6-c711e8c15e03,359777,H,L,2026-02-06,online
5594c665-a601-449b-9268-cbefd5c0b86b,133261,H,L,2026-02-06,online
d7091b96-c829-4c32-b3c0-0d592a860927,402829,H,L,2026-02-06,online
70fb2dd7-48a2-44c0-8566-12d558dd2559,92950,H,L,2026-02-06,online
1a3a77bd-2e2a-4833-9aac-8b4539655888,288616,H,L,2026-02-06,online
591fb63c-307b-42ba-a9c6-ddc67cd4c7b8,175405,H,L,2026-02-06,online
ed6b1dcc-f1de-42ec-b21b-ca5f1062858f,181592,H,L,2026-02-06,online
3caa6354-d9d5-4287-b547-0472626d2671,224273,H,L,2026-02-06,online
7f83f72e-0d3c-4327-8fcb-80648c1cdbae,235124,H,L,2026-02-06,online
103bc48c-8851-4c49-9a1d-9a1bb988f8c2,199524,H,L,2026-02-06,online
2d102a17-b8de-4737-89e2-c7d12acadc16,153130,H,L,2026-02-06,online
4ee9c8ae-af0c-427b-80a5-7c89dbb3ec6b,408539,H,L,2026-02-06,online
29b935be-4bf5-4ef0-895e-e2437aabe90b,302071,H,L,2026-02-06,online
5537379f-4db6-40e5-b261-47f41f608a7f,453120,H,L,2026-02-06,online
0484ce2e-d00b-43c6-9651-f4475211c53e,358558,H,L,2026-02-06,online
30355865-a7c1-46d7-a75c-60551a132e1c,257964,H,L,2026-02-06,online
9ebc191b-61ae-482d-bd29-3ec2e97802ab,400923,H,L,2026-02-06,online
8afcdf90-6e3e-4ba4-b9a9-dfe48b429f76,236513,H,L,2026-02-06,online
d9ddb6ef-04c4-48a5-a4df-1616bf51bb54,412482,H,L,2026-02-06,online
35fecb24-49ef-4fce-807e-1c68cbb23cb4,56315,H,L,2026-02-06,online
ec21a806-2a6d-4b84-b602-d21f32607867,394525,H,L,2026-02-06,online
3ba77404-ab9e-4f57-bbd9-9c6da2faaabf,47424,H,L,2026-02-06,online
2d3cbcbd-c6a0-4335-a7df-370f5851ad04,99248,H,L,2026-02-06,online
2b6934c6-79e5-4244-9d5a-d089b555b4b9,153063,H,L,2026-02-06,online
2652d80f-0cc6-4df8-866e-176c48da8191,59764,H,L,2026-02-06,online
9f0e2841-06bf-4813-afa3-288638a710de,462223,H,L,2026-02-06,online
d7198caf-30eb-489c-a5bc-4c6228981eeb,67521,H,L,2026-02-06,online
7624f7d3-dccb-462e-8c82-876db0f433c4,152362,H,L,2026-02-06,online
f603bc93-8148-41aa-96f6-df0aeb1d0663,202627,H,L,2026-02-06,online
9c315994-bdb2-42b9-b434-5f1e612158bd,178103,H,L,2026-02-06,online
ead61928-f6e1-495c-bb41-c550139c1e51,481556,H,L,2026-02-06,online
4a2acfdb-91d1-4a93-9370-b66adc186459,23844,H,L,2026-02-06,online
4bc8ac02-e27f-44e8-abaf-0020f82db26c,78579,H,L,2026-02-06,online
69d7d394-5f39-4ec9-9f35-800559fe270a,98332,H,L,2026-02-06,online
c6ad8f18-8355-49b0-8c22-7e924114f6e8,342893,H,L,2026-02-06,online
0c7b4041-dcb4-4864-8532-1be1be9ec23c,254379,H,L,2026-02-06,online
3a15a9aa-614f-4b5e-a505-6cfd81778f50,306752,H,L,2026-02-06,online
6af7a477-9794-4fa5-a560-8c148dfc8fab,76309,H,L,2026-02-06,online
2f622b99-58a7-4819-98c5-c767c53112af,297054,H,L,2026-02-06,online
db43487e-e3b3-45cf-a7f6-852d5da51011,417193,H,L,2026-02-06,online
f200ec96-2f0f-476b-99dc-a6f08e5ab61a,264221,H,L,2026-02-06,online
9e45522e-9430-4b7e-9632-926906a033dc,137383,H,L,2026-02-06,online
c2a9546d-d98b-454c-8db1-4156bf57cd1b,157233,H,L,2026-02-06,online
159fd6b4-6d40-4bf5-9fa4-3dc62abec8d6,343769,H,L,2026-02-06,online
debd8b7f-4830-43f5-95f3-82bb3ce4de14,46811,H,L,2026-02-06,online
56e2f7c1-40c6-4a0b-ac55-20dead01d5ce,95641,H,L,2026-02-06,online
50e594f7-ff71-4c73-b62e-9d3612f4fadd,195381,H,L,2026-02-06,online
0dd5f029-c5c0-4053-8c13-8e3f1978e935,34854,H,L,2026-02-06,online
3a0d8e44-cdb3-4ea9-b1ad-079b48dc306a,386596,H,L,2026-02-06,online
ed4046b7-049f-4528-98d0-da9c64612160,41102,H,L,2026-02-06,online
26d27f5e-4740-41ef-87fd-c10bcd50c0c1,263871,H,L,2026-02-06,online
817c044f-f066-4496-b211-c89d845b00e5,309882,H,L,2026-02-06,online
3c15ef2d-aa72-4da0-a1f7-812367dc64d8,139060,H,L,2026-02-06,online
3f8f29de-9d5c-486e-aaad-882e43a34be6,22873,H,L,2026-02-06,online
b83f0746-463b-44a5-a479-0f94258e0b05,328939,H,L,2026-02-06,online
82ac3aa5-a28f-4d8d-9a92-5ae4b74bcf3d,92185,H,L,2026-02-06,online
597b5a50-b19e-4dce-b6a5-ebc210c2f1b2,75229,H,L,2026-02-06,online
32c85435-7a7d-46e6-abaa-2049f41ccceb,208251,H,L,2026-02-06,online
846c2079-a18b-4569-873d-a598880c3dd4,76203,H,L,2026-02-06,online
c3558a92-454a-438a-bb27-98e2a6f28efd,136198,H,L,2026-02-06,online
41ac7e55-3a3f-450d-a92c-903e279680d8,181563,H,L,2026-02-06,online
9a986cd8-5a5a-4dd7-874a-dd4fd44ead18,440529,H,L,2026-02-06,online
6b5ec426-f954-4a15-b999-63f6f2c9967d,288112,H,L,2026-02-06,online
583ccc4b-b465-48e3-a7a6-eaa23c8b6e80,5177,H,L,2026-02-06,online
c2ee4faa-d867-4cd8-951b-86bc22bfb0f1,239370,H,L,2026-02-06,online
a3bdc80d-e869-4b31-9d9c-365a0fe95b74,303878,H,L,2026-02-06,online
4eb9158e-0bcc-4b52-8460-72fceaf74d70,127464,H,L,2026-02-06,online
0e6d2eef-af64-45c3-86dc-a13225b65dfc,477677,H,L,2026-02-06,online
25ac1f45-2da1-4524-bbd9-11d9b957c9b0,337927,H,L,2026-02-06,online
72a2ef18-ff55-4bc9-8afe-00177f60b790,332586,H,L,2026-02-06,online
a501349e-6626-4bc9-8705-37d5ef5bb394,155792,H,L,2026-02-06,online
e413ee36-6748-44e0-a3e0-d8ccf996b8a1,104555,H,L,2026-02-06,online
cf9b03c5-bb16-4495-9c90-d69a4ce3bb82,238496,H,L,2026-02-06,online
952faac6-e6fc-4edc-b3f4-076bc8c99411,434855,H,L,2026-02-06,online
91eb9d4c-fe27-4091-a660-7c34118ac9d4,332848,H,L,2026-02-06,online
f2d1ad14-7f82-4e81-928e-4ca2c26e0e02,128890,H,L,2026-02-06,online
9d663c27-9d93-4011-b49d-a5e4784b0a92,375446,H,L,2026-02-06,online
f9bb8c91-d20b-4314-af5c-8c14b4313704,241035,H,L,2026-02-06,online
85512d9c-c5a8-41d6-ab42-1c6b710f5ed9,266582,H,L,2026-02-06,online
b8f40502-5ca1-43a3-9056-a327d8a969c1,382801,H,L,2026-02-06,online
4d486b62-2617-4c3b-93a5-c3fee6a286a2,431439,H,L,2026-02-06,online
8aae9ccc-5ece-4d83-8e8e-16e15f394e85,214597,H,L,2026-02-06,online
efbf899f-e204-4b94-bdbc-a6e2ed6933a8,246687,H,L,2026-02-06,online
6cdb04b9-c815-4b73-8db7-f84ad526ebac,265589,H,L,2026-02-06,online
c37d6939-f490-4f63-bef4-73e701750f2c,106244,H,L,2026-02-06,online
34ec3103-9a75-42ca-8147-b86a3d21e4bc,209337,H,L,2026-02-06,online
9a129f2c-13f6-4ffc-8141-3d77b1631aae,492894,H,L,2026-02-06,online
48625645-f051-41a9-9659-9854978f4147,490827,H,L,2026-02-06,online
c2773612-20c2-46da-be4a-99e2cbecc2f5,26260,H,L,2026-02-06,online
812f92d3-189e-4753-966f-ed9e078ff12e,225492,H,L,2026-02-06,online
65b8283d-b3ea-4f53-8ff1-8c219face823,216373,H,L,2026-02-06,online
191e22d4-ab92-4ee7-8a1d-5bd27af1c06f,448712,H,L,2026-02-06,online
e938c366-22cf-4031-9eff-b098e897903c,370511,H,L,2026-02-06,online
7e8a1916-5253-406d-bd67-57cfb0035416,92853,H,L,2026-02-06,online
712514c3-69f2-4934-8f60-e499a0704b7f,70909,O,T,2026-02-07,online
e68488ac-5c49-4cc0-be28-966d28fd6b49,111042,O,T,2026-02-07,online
b4e43e13-ec47-4f06-a92b-c97eb6a72baf,136913,O,T,2026-02-07,online
915e9c94-043d-4ff8-8fec-3e58ae392e4a,497154,O,T,2026-02-07,online
7da5fcfc-eefa-416c-a95f-29e6d9366a96,384264,O,T,2026-02-07,online
dfeaaa73-8e9c-45b4-b366-53a3f382cdbd,465566,O,T,2026-02-07,online
3242cb0a-4822-4ecf-9760-c85270d4db2e,228639,O,T,2026-02-07,online
0d5fa3b0-fadd-4147-a529-3815e601b686,334140,O,T,2026-02-07,online
bf6a94e1-073c-405d-9ff8-f95d31e6601f,77143,O,T,2026-02-07,online
77a68caa-3c47-42b9-a0dc-1df2c86bd010,64041,O,T,2026-02-07,online
42656be3-4f1f-416b-b7a2-a54a7e2937fa,335734,O,T,2026-02-07,online
2f4291e0-c574-43ba-a3b4-dd05e93e6cd7,440857,O,T,2026-02-07,online
fb7efcb9-84d8-4d47-9cdd-c227d1466212,56192,O,T,2026-02-07,online
80ba9622-a0d2-4860-9b4c-9e9dced6af33,483779,O,T,2026-02-07,online
eb41ee84-c352-4eb2-8878-dc2245f76d84,8918,O,T,2026-02-07,online
9ebf53d3-10b5-4a63-9ea9-874705bb95b5,189979,O,T,2026-02-07,online
201b6d20-7276-43b9-b143-f968e7023f1f,289895,O,T,2026-02-07,online
0240791e-14ac-47cf-9f85-cd4d6955f16e,478507,O,T,2026-02-07,online
d66f8667-2ac5-4ec4-9d93-90de4f1add31,388045,O,T,2026-02-07,online
3524a4c8-ddca-4c9d-af38-5cdc886dbfaa,259865,O,T,2026-02-07,online
cc864074-737d-477b-8ed6-20b43075253c,462313,O,T,2026-02-07,online
0a784b82-9465-4dc5-851a-531c39d14bd0,354625,O,T,2026-02-07,online
f1718e79-9744-4d07-bca8-fe91582048fc,269367,O,T,2026-02-07,online
4a3efbb9-96a4-4da4-803b-dc2f3545cc87,145462,O,T,2026-02-07,online
c9fab2e6-c0ec-486a-aa2f-b2271716555b,281672,O,T,2026-02-07,online
81706375-b4e0-4e00-b8a6-8fec0cc61a9d,493531,O,T,2026-02-07,online
b06f0600-33c0-4177-a850-3e91a5322d63,306706,O,T,2026-02-07,online
dd4c94c0-b12d-4938-ab84-96c801691b6c,369376,O,T,2026-02-07,online
43a3ce72-65d5-4cdf-bdd6-c0588d18098a,313543,O,T,2026-02-07,online
5dda1c1e-7055-47bf-9e52-e29f73bbced4,261331,O,T,2026-02-07,online
951d1094-c2c7-43f5-b6aa-6e2d5f785077,319476,O,T,2026-02-07,online
e6db8a91-de86-4425-bc9c-d76e5b920557,78424,O,T,2026-02-07,online
15bafb63-f9d4-4f20-969d-03adb6acd520,61958,O,T,2026-02-07,online
ec64ee5d-d4aa-41ab-b4d9-a08c8a966d8d,3805,O,T,2026-02-07,online
1ee22317-7055-46f4-b0b8-6c42be11a5a5,139900,O,T,2026-02-07,online
f8781b37-3694-4027-8cf9-2bd1e8544d4a,322927,O,T,2026-02-07,online
24be9d71-69ad-4a29-b5b9-a5e5ad79782a,72722,O,T,2026-02-07,online
2c5b5770-080c-4109-8107-32c2f4bdfc09,338973,O,T,2026-02-07,online
b56db660-b03d-416f-b159-976f0b6aa6c3,434480,O,T,2026-02-07,online
3b7c7708-592e-4779-a34e-44ba3360a915,158937,O,T,2026-02-07,online
b689ca96-f0ee-4a28-92fa-c993acf32f6c,175769,O,T,2026-02-07,online
ee5ada9d-0efe-4ece-83ca-27be9ac47d9a,223334,O,T,2026-02-07,online
e0e90bfc-5547-4892-a474-3b8fac5ea69b,108582,O,T,2026-02-07,online
3316af41-aa57-4f40-946f-a6df422a6f1c,146549,O,T,2026-02-07,online
3c789952-c32c-4e4c-914d-df61c78c9901,109016,O,T,2026-02-07,online
0b061620-5e0a-4e4e-bc31-86d6a7d61919,314351,O,T,2026-02-07,online
7efc93bb-0196-49ee-a6c3-5621b94cfc75,450592,O,T,2026-02-07,online
1193d771-06c0-4dbd-a506-ddb3bc4fcb75,42359,O,T,2026-02-07,online
c1b7dd4c-1602-4a32-8c25-d98157821abd,370246,O,T,2026-02-07,online
d9edb03d-f8fd-49f0-b56c-b11b8eea9f31,319642,O,T,2026-02-07,online
668ea19e-3401-4467-9eaa-782f0a34b2d1,31759,O,T,2026-02-07,online
f15e295d-455d-47bd-9acf-7cccff6eaa0a,450314,O,T,2026-02-07,online
000e5ca4-81a5-4b9e-97ab-3a0f28e3c983,361810,O,T,2026-02-07,online
b87c3b39-a424-4218-a28c-a16750c9362d,24311,O,T,2026-02-07,online
fe9a5b30-fe88-4679-8e97-2a5e0e554ec1,446360,O,T,2026-02-07,online
2dfcbf72-02d8-4404-b69f-70c9d6dfda33,496947,O,T,2026-02-07,online
5c755887-7c7b-4c1d-bccc-3c9751e416f6,172262,O,T,2026-02-07,online
2f1b993a-7f69-43e3-857e-b72809dd8d69,483306,O,T,2026-02-07,online
6a3aa162-4ae5-4319-a32e-98c7aa34eac2,477064,O,T,2026-02-07,online
61cfcfe2-f50d-44eb-9fae-d5931b37c827,252430,O,T,2026-02-07,online
fcbdf83d-a9cd-49a6-98cf-4e707fe8def7,240759,O,T,2026-02-07,online
34ae6182-cf29-4ee4-8f33-76f3ce426d86,297862,O,T,2026-02-07,online
2cbc5b69-07fa-4b3d-bfcb-3399a289e9b2,402057,O,T,2026-02-07,online
e52b0b21-7919-4d26-93e7-539abd8d7022,278965,O,T,2026-02-07,online
a70ce5ef-b91e-4992-ae73-45d495baba87,42032,O,T,2026-02-07,online
46bfa4a8-08f9-4aef-b93a-358a08cb4eff,494790,O,T,2026-02-07,online
9a784270-251b-4975-8025-a4c247fc012a,494770,O,T,2026-02-07,online
45d747ae-2617-485a-8040-c1bcfe766ed6,375876,O,T,2026-02-07,online
bfc88354-30da-444a-9a2a-59606ec6c0aa,97499,O,T,2026-02-07,online
656aaff2-8fd6-4fd6-a295-f78865078ca3,62699,O,T,2026-02-07,online
26510b99-fddc-4ff5-a021-c448552b770e,194841,O,T,2026-02-07,online
ece41386-7320-4202-a95d-fc270d8c6648,163792,O,T,2026-02-07,online
29afc827-1564-4c92-b30a-e0519e4c2af8,352886,O,T,2026-02-07,online
f461dcb9-4aa0-4897-ac0d-2040e081ed12,416829,O,T,2026-02-07,online
e8182067-a417-4f2b-9b5a-a19bc24d6f03,2014,O,T,2026-02-07,online
e91e5999-dec3-434e-a82b-c41cc347fcce,277570,O,T,2026-02-07,online
b83aa264-d34c-420e-8036-62893714ceeb,237375,O,T,2026-02-07,online
31c29ac3-6690-4e22-be03-6863b888e6b3,182626,O,T,2026-02-07,online
74470af1-8cb0-4cea-9789-920d004f52cf,124740,O,T,2026-02-07,online
e736e0d1-9869-4da7-b744-27512d87dec9,69818,O,T,2026-02-07,online
ec315e64-97d6-424d-b7f2-76ffeb428164,382252,O,T,2026-02-07,online
9f6c6a30-1e75-4b1b-ad96-7e8d2efc3688,447516,O,T,2026-02-07,online
89075dcd-303f-4e79-9435-259892570c39,139122,O,T,2026-02-07,online
ab126bfd-d215-4bed-839f-9d05eba2995d,122428,O,T,2026-02-07,online
eb1509c3-bc65-49ea-b6f8-6f97551c8e88,35939,O,T,2026-02-07,online
52db7466-0f27-447d-a329-f837c62cf414,25112,O,T,2026-02-07,online
56904ead-ad0d-48ff-b650-1eac15394dea,131893,O,T,2026-02-07,online
50c85167-49be-4afb-96b7-f92d47e6af9d,211160,O,T,2026-02-07,online
6653ad28-3e5d-40ce-8784-271060223a63,181736,O,T,2026-02-07,online
a8c89d46-fe07-4951-be70-4a977a33a0b3,87438,O,T,2026-02-07,online
ddd8885e-ce76-45ff-bc33-fe401dcb7f03,40137,O,T,2026-02-07,online
7ff2da03-0a1f-4615-a7d3-25769f5b0fae,198369,O,T,2026-02-07,online
1c293340-15cb-4ed0-a12d-617c23aaeedf,337240,O,T,2026-02-07,online
5f6b02d1-f96e-4062-a1a7-f5df6269f79e,269045,O,T,2026-02-07,online
e7dae6f7-e298-4c5a-8534-3ead2718e07e,242953,O,T,2026-02-07,online
b2741876-80b7-4da7-88fe-47de91bd6fe2,24093,O,T,2026-02-07,online
6b2a3fe1-0071-49b8-b181-22096329939b,30252,O,T,2026-02-07,online
f5ea8e4d-536f-4f76-be38-42b2877558ee,215593,O,T,2026-02-07,online
e6bd24c4-e905-4b96-89b0-ed8bf40d5083,71377,O,T,2026-02-07,online
1722b181-a289-48a1-9ba3-d16506167dd4,26995,O,T,2026-02-07,online
57fa86d1-72bc-40e2-b5a5-4f10b96bebbb,266354,O,T,2026-02-07,online
5a1d8010-d07d-499a-9ef8-b5e84c316c9b,349137,O,T,2026-02-07,online
9309f219-98b6-42bb-b7f6-73fcdac30dc7,281954,O,T,2026-02-07,online
05f24a72-2599-4c4f-996d-8dcaa2306e36,223229,O,T,2026-02-07,online
25328875-ad15-4323-9b2b-4406ee2dd3a7,490984,O,T,2026-02-07,online
0476aae1-37f2-4ce5-9d30-c6e1b97104e2,347399,O,T,2026-02-07,online
70614b27-3354-4288-9993-49f330c8be2c,223651,O,T,2026-02-07,online
200ebdd9-a5f6-4c91-9760-1dda1727658d,104765,O,T,2026-02-07,online
1f759151-12b6-4f7a-b64a-988e39e81110,35861,O,T,2026-02-07,online
c06d6e6a-21a5-4513-ba3a-d5bda49283d7,414961,O,T,2026-02-07,online
99063341-568b-4191-94e6-ead9d476c521,158643,O,T,2026-02-07,online
423fe952-c358-418f-aa35-9179511657a8,93524,O,T,2026-02-07,online
d8da407e-3b18-4886-b5a8-89ca911ac077,245563,O,T,2026-02-07,online
9488c77a-b559-47fa-ac2f-5d81854b8cd2,259297,O,T,2026-02-07,online
e26c46d4-018c-4252-93bd-d344200164f7,155690,O,T,2026-02-07,online
dade78ef-c11a-49f7-8836-d6b7162bf2bf,24873,O,T,2026-02-07,online
1eafe407-9352-4788-92b3-1f2f80eeaf1e,482629,O,T,2026-02-07,online
173ccbed-c7f6-4a40-87c5-11e4e25281f5,198016,O,T,2026-02-07,online
a8f0d389-d418-4e41-bc57-b8b68cd7025c,464254,O,T,2026-02-07,online
72f4f0dd-b330-44d6-954b-5b3f78537a41,284919,O,T,2026-02-07,online
0dc7da7f-12b4-4b96-8ba8-d6c1a5c3c74e,61130,O,T,2026-02-07,online
800b1a87-7c09-4ba9-82b0-37a5afa577f3,374644,O,T,2026-02-07,online
ad616489-146b-4ee0-ab9c-6375b4143438,416222,O,T,2026-02-07,online
8ef61194-ee68-40bb-b79d-5f77af630b15,474375,O,T,2026-02-07,online
0691d584-6430-4aca-ae0f-33474a235882,451229,O,T,2026-02-07,online
5447fc55-ae48-4ba9-baba-feb77ea89661,60172,O,T,2026-02-07,online
8b555158-16b8-43a5-a9cb-9b64a6eb42bd,69233,O,T,2026-02-07,online
1d9b102b-b35e-408f-a428-786ba60ee784,103856,O,T,2026-02-07,online
eb009905-f90d-450f-857a-d892bed220ec,198758,O,T,2026-02-07,online
9856c5c6-7a2f-4d6b-90f3-f819b99ac8e5,12998,O,T,2026-02-07,online
f0988d0e-4085-4ed2-8699-65250a0ad983,493515,O,T,2026-02-07,online
b788063c-61ae-4b02-b070-c6399e687675,250555,O,T,2026-02-07,online
348e3d0d-e769-4be5-96e2-7aec83472ebc,258080,O,T,2026-02-07,online
75137819-763e-47b7-b936-108425adc592,152151,O,T,2026-02-07,online
d748ccbb-e70d-48e8-a2d0-a80e422b938e,7563,O,T,2026-02-07,online
24ed4c19-6cab-4fe6-8123-b866f2f7d52e,486132,O,T,2026-02-07,online
216140f3-4b65-45c3-88e3-3b92f3746407,173573,O,T,2026-02-07,online
8992eff0-8957-42c4-81b8-45c2e8f4069f,112174,O,T,2026-02-07,online
b53940c1-b83d-47b7-ab2b-dbd99e2889f7,147682,O,T,2026-02-07,online
d3e742ec-eef6-4325-a827-0ab0a9541647,375875,O,T,2026-02-07,online
afe0457d-0deb-410c-9aa7-7803b7bbe773,377308,O,T,2026-02-07,online
fa1aedfe-089d-4dbb-b2a0-8036c9224c5b,215451,O,T,2026-02-07,online
95d9a284-bc9e-4f47-9463-edd1fb568fa4,264117,O,T,2026-02-07,online
a7c568ee-5e04-4088-8c93-b1a1c59b1d04,294009,O,T,2026-02-07,online
ab076863-a58d-419c-bf93-b1323c890b9d,15235,O,T,2026-02-07,online
9870ab17-f070-43c6-a2cc-b9e929a3eec6,413281,O,T,2026-02-07,online
41c85e1f-0137-446f-a7b0-ee0cee9ec6bc,460777,O,T,2026-02-07,online
c59f98a0-2313-4eae-8bb9-bf35a8c4c67d,4734,O,T,2026-02-07,online
ede5df7f-6553-4c7a-a3d8-77f4057b37e2,181564,O,T,2026-02-07,online
7997d149-3045-46e6-a752-03c8014b222a,422812,O,T,2026-02-07,online
5b5aa99a-b308-46e3-affe-e5cda024da7c,437067,O,T,2026-02-07,online
1290b68e-f732-4cd4-a5c1-17ca2d7a57fb,433572,O,T,2026-02-07,online
fdf00ced-54f2-41e3-b8ee-2d6529ec5635,188321,O,T,2026-02-07,online
7265eac4-da14-4e74-a708-abba678521e8,467079,O,T,2026-02-07,online
9dbf96eb-7b8b-4086-8a89-215e1c6366ce,179925,O,T,2026-02-07,online
70efaf3a-69d8-4d61-9b38-8858d6431f45,377806,O,T,2026-02-07,online
fbdcb960-c21b-46c0-936d-fedf285eee9d,329618,O,T,2026-02-07,online
21025d05-12f8-429f-b5ca-deed79cdf972,152564,O,T,2026-02-07,online
5c5965f2-0b90-491e-8e94-0aa63123a5d9,317041,O,T,2026-02-07,online
29ce3609-5571-42e6-aa62-92a5b0f85bf2,33470,O,T,2026-02-07,online
8070002f-94f2-4233-b105-b65b9b8b3387,472922,O,T,2026-02-07,online
f13dd85c-b5fc-45e6-8ed3-eb3f6e5f706a,81974,O,T,2026-02-07,online
a546223f-1f92-41aa-b94d-d76d446692ac,114402,O,T,2026-02-07,online
cbc04dc1-671e-419f-a7cd-b336aac1ae20,428634,O,T,2026-02-07,online
58c6e441-5ae7-4da8-b179-83c6e5b90018,23737,O,T,2026-02-07,online
3a13f831-de25-4043-bb8a-d61f2dc7c453,55238,O,T,2026-02-07,online
1dce7d4b-d46c-415a-8e38-f76ca97d37c9,28595,O,T,2026-02-07,online
be71697f-726a-447f-9bce-c776578d0f32,471213,O,T,2026-02-07,online
30385374-63c2-4572-b08b-6018791fb51f,333614,O,T,2026-02-07,online
a9646446-ae5f-47b0-8363-9872a6dfa061,331389,O,T,2026-02-07,online
b04edd6c-e7c6-4da4-9bec-36d31c596ec4,188282,O,T,2026-02-07,online
c284ea2b-3e5d-4e01-84c9-885e2e61262b,303227,O,T,2026-02-07,online
11531e86-3ed1-4027-a6df-a3bc7177dfae,64243,O,T,2026-02-07,online
0e51d707-f9ae-4aee-9db6-170fa3ab446e,238219,O,T,2026-02-07,online
14a446d1-3efd-43e4-9b71-ead2240af378,220578,O,T,2026-02-07,online
04f09bc3-723a-4d28-9d34-e8b3763aa392,305785,O,T,2026-02-07,online
00bc7c8c-9c90-489f-a13e-eb1004460b19,424650,O,T,2026-02-07,online
3f308fdf-ea2d-4127-9e26-a6527ca34bfd,186863,O,T,2026-02-07,online
5b3066a8-c747-4d60-afc2-6bbf9507b6d9,243783,O,T,2026-02-07,online
c7ab8956-6de0-42ea-96a4-a44daa8e8858,180727,O,T,2026-02-07,online
73555561-5140-44a7-b48c-1a841c39e422,234763,O,T,2026-02-07,online
3debede4-b97f-44aa-8f0e-d601ad8e4464,341474,O,T,2026-02-07,online
513cc2f8-01ab-48e5-be4a-5cca5bd55b69,220734,O,T,2026-02-07,online
d1a290ee-6716-4e67-a0a4-fe952039887f,380270,O,T,2026-02-07,online
c1e2b668-f7d1-4998-852a-8b1078db8954,269447,O,T,2026-02-07,online
94e83a9f-7ef6-4be0-848a-fee90108f344,293202,O,T,2026-02-07,online
49f1049f-51bc-43c2-8282-b987f723d9f1,483134,O,T,2026-02-07,online
e739c734-44f2-458a-bfb5-cb3a52d735cf,9453,O,T,2026-02-07,online
60568580-e943-4f00-8a14-7a133dfe96ed,488753,O,T,2026-02-07,online
2fe21e9f-da88-4ddc-b054-59e9f4547ed9,324080,O,T,2026-02-07,online
6bf68b78-d877-412d-b54c-bb245309f6c2,477804,O,T,2026-02-07,online
4c3b0304-391c-42c8-b6a6-69746f1b4821,60704,O,T,2026-02-07,online
ab43d402-f907-45be-8e74-ddd977938a39,477619,O,T,2026-02-07,online
30e432c3-b612-4e39-aded-1434bd61ffa7,160345,O,T,2026-02-07,online
a21f7c85-674c-4059-b932-3a60c31ad870,460058,O,T,2026-02-07,online
f25af4ef-4d17-486a-a12a-187ee91f706d,352142,O,T,2026-02-07,online
2a69456f-85f5-4611-8291-a8344b6a96a1,174109,O,T,2026-02-07,online
670a4c2a-204f-4dca-97e9-88b520729eb0,440228,O,T,2026-02-07,online
729bbc8a-61b7-4618-bb6f-a2193839a33c,404109,O,T,2026-02-07,online
a68adee4-fc31-4847-9cc0-a570e196d205,228949,O,T,2026-02-07,online
a0b3076c-2eaa-4d04-920b-783e9c5e411c,184216,O,T,2026-02-07,online
3d381a81-13c2-4944-aea8-978631bbe5e6,426004,O,T,2026-02-07,online
ad5030c1-2a4b-40b7-8f85-a85554a0e39f,207270,O,T,2026-02-07,online
09494b0e-3cc0-4190-88ad-771f93d5d1d0,399184,O,T,2026-02-07,online
ff61a975-c5f8-4b76-9a87-6639bd1f40f7,257025,O,T,2026-02-07,online
177d9018-c5c9-41f2-9e74-8469cb2f4c97,210631,O,T,2026-02-07,online
a56f6df2-602d-49d1-8e92-05a487a3433d,332232,O,T,2026-02-07,online
26b61574-959d-4e62-bea1-2082b26004aa,483481,O,T,2026-02-07,online
ce6bd32b-1638-4fbc-997f-9e5f4c7f474f,336670,O,T,2026-02-07,online
042ad3ea-dc17-4364-b8b3-2f868d07f4ed,490573,O,T,2026-02-07,online
01c70a4a-065f-4641-97c8-89e80c987d6e,385644,O,T,2026-02-07,online
2276a263-7105-462b-a32a-8c37ab56b8eb,294260,O,T,2026-02-07,online
c8697682-0a72-4284-8711-87cba7ef216d,323587,O,T,2026-02-07,online
020edba2-1c13-4194-84bc-68babe45a148,168867,O,T,2026-02-07,online
3df61b29-bbeb-42ff-bf21-9e6ebb6a8b18,82167,O,T,2026-02-07,online
c9a95caa-99c6-4ccf-b27e-bf7a8d71c4d6,444016,O,T,2026-02-07,online
5e10da10-a834-4fc5-9804-dbe13415ef08,122665,O,T,2026-02-07,online
85bb52e8-72cb-4fb0-83d1-85009b39a8cb,291110,O,T,2026-02-07,online
0dd4c95a-b43f-42e4-9fdc-aa09bf1f77d0,282939,O,T,2026-02-07,online
4a1c215c-0d70-456d-adf2-7e61535a4e56,195774,O,T,2026-02-07,online
19bb2395-bc2a-4d52-aff8-ce44b1a0c49a,337194,O,T,2026-02-07,online
95fe38b6-d258-469d-9a08-ad8a26a0e42f,337139,O,T,2026-02-07,online
09941694-b118-4a57-9b6c-8ef4e0804ecf,110468,O,T,2026-02-07,online
bd24f11c-e43d-4e44-bfb6-972e91ba9b4b,478720,O,T,2026-02-07,online
239c9e3c-f7fc-4ba5-a9e2-160d92df89a8,50893,O,T,2026-02-07,online
77f61f2a-118e-408e-ab93-1235ae7ea442,499742,O,T,2026-02-07,online
c5100f81-e232-443a-9dd6-efa4d79b8457,47402,O,T,2026-02-07,online
cfda13ad-25b2-4bf2-956d-eb8ea8b329f4,440768,O,T,2026-02-07,online
f70a62ce-7bc6-4427-bc45-818ad879cfae,401928,O,T,2026-02-07,online
c772b558-95aa-4a60-b168-4a374cc2a86d,76299,O,T,2026-02-07,online
310df234-719e-4690-ae9c-180796a09577,66687,O,T,2026-02-07,online
e70161a2-b29e-4f3b-868a-11847a695e7e,236965,O,T,2026-02-07,online
140ba04e-2785-4f62-aeef-09e01de0483d,379689,O,T,2026-02-07,online
37838d30-a8e7-4e67-a94e-4afca72c97f6,236544,O,T,2026-02-07,online
b6e3b5e3-1c3c-4670-a0d4-bf2e72edd398,420226,O,T,2026-02-07,online
d38b82ac-c580-4a21-a6d2-e868138269f7,430055,O,T,2026-02-07,online
44a9c6c4-7fe7-4a14-9900-a93bfc8118cf,99278,O,T,2026-02-07,online
db440475-6ccb-40ae-85c0-102a104369bc,452651,O,T,2026-02-07,online
93684161-4458-42f7-88f6-dda87498f051,399313,O,T,2026-02-07,online
4842f4d6-5554-4b5b-a4a5-50ec598d7c50,446422,O,T,2026-02-07,online
0a2ebaeb-113e-45d5-a3e0-4c442f93c95f,220880,O,T,2026-02-07,online
e9419a40-836d-4784-ade4-6eecedc7bccb,423006,O,T,2026-02-07,online
c1cd0e20-cba1-4558-a1b8-8f99052a61e9,51829,O,T,2026-02-07,online
48c2de3c-419f-4088-bf2f-9bc113c8f13e,197878,O,T,2026-02-07,online
89af5370-d8a4-41f8-9181-c1c780628ca5,460361,O,T,2026-02-07,online
b2465075-2dbf-44a4-9bc7-700de34c3d49,297572,O,T,2026-02-07,online
f9fc7e89-cb06-467e-909d-1ce61a0378a5,136854,O,T,2026-02-07,online
6cb6715d-11ae-4077-ad6c-22ebd4f8502e,421582,O,T,2026-02-07,online
49e65003-473d-4908-8bb9-d4bb8bb89228,141479,O,T,2026-02-07,online
db63f71e-94d6-40f8-88fc-3d944cb9e86c,7705,O,T,2026-02-07,online
d96109ca-3422-4470-bab0-537a6a5eb818,365879,O,T,2026-02-07,online
bd361850-9f44-4528-b9ab-1dfab23240cb,267207,O,T,2026-02-07,online
c6c133ac-cb07-4923-a982-12b2e8769b23,218111,O,T,2026-02-07,online
ecd12135-371d-4879-b70e-6df61a1d96a3,326454,O,T,2026-02-07,online
195cfdba-df5a-4c6a-ae12-d4dd931426b0,170280,O,T,2026-02-07,online
608feec2-eafe-466e-ba2f-2213d289da7c,243575,O,T,2026-02-07,online
82542f06-e3e3-4aa8-bdb5-910d0a313713,241928,O,T,2026-02-07,online
7b47f10d-53cc-43e8-b067-aa7eda052329,470692,O,T,2026-02-07,online
f540a9b8-a876-4a4a-b0cf-f83d947192c8,408513,O,T,2026-02-07,online
d391a096-dc9a-4ad6-9075-42d4c811a5c0,288391,O,T,2026-02-07,online
28f01860-cd3c-4a9b-9819-8ebb8021b418,256835,O,T,2026-02-07,online
eb0cf472-6eda-4c63-8fe3-7fa8e0be8118,340891,O,T,2026-02-07,online
d20b7bd5-d59b-402b-9bd7-c83deaebf0b3,338403,O,T,2026-02-07,online
07366b4f-8a6a-4d39-829a-46ab5b280e0c,327219,O,T,2026-02-07,online
753ca343-d272-4aa8-b436-9e328422240b,229185,O,T,2026-02-07,online
d900e17d-cc45-46b4-bcd8-cfb1553af63e,398494,O,T,2026-02-07,online
d9dca7ee-c975-4182-82aa-a7bdf6b99fc9,91442,O,T,2026-02-07,online
a9784d1a-bd3a-45eb-a141-b96d078e326d,393288,O,T,2026-02-07,online
a95116bd-2135-43f3-9dae-b966452ac7cb,238549,O,T,2026-02-07,online
2adf8cd0-1e31-4384-aa7c-a9ab2ee98505,225588,O,T,2026-02-07,online
8013d73a-350c-450f-81d9-81ff7b8a00e2,100675,O,T,2026-02-07,online
d2b80d7e-5e30-4865-8f91-f5cb44eec4fb,274824,O,T,2026-02-07,online
0dff5a87-e057-4fc7-b790-4efd9702413e,298644,O,T,2026-02-07,online
ff598242-eb69-4521-8c68-ef5780fd6b82,334578,L,H,2026-02-07,online
2e6dcc68-4337-4a4d-b74c-6e44a169ca93,81201,L,H,2026-02-07,online
92fcff73-c1bc-4e80-afb6-824670a32685,125344,L,H,2026-02-07,online
e3657eff-1b83-4ab1-9a8e-a6b4ee273fb0,398456,L,H,2026-02-07,online
5066c7cc-79b8-4100-a562-1badcfe52782,73209,L,H,2026-02-07,online
5b8b3de5-1eeb-4307-9e41-0da3bbe7b0a2,106653,L,H,2026-02-07,online
fb5837b8-d683-4805-b95c-1b9e621844d6,389751,L,H,2026-02-07,online
6bbda169-716a-41a4-b28b-2ce998f70507,106132,L,H,2026-02-07,online
cdc69fa8-3965-4ec2-b646-323fb5a1ec17,44654,L,H,2026-02-07,online
744e9f93-72b2-4b19-af83-2a40de91d0d3,253634,L,H,2026-02-07,online
d4ec2cd9-adb8-4e05-891e-17ece4c0dba6,480141,L,H,2026-02-07,online
61ea2d50-a969-492a-b34a-3ceaf4fc3ba4,15106,L,H,2026-02-07,online
e5c8f5e8-cadf-4167-8c4b-c85a317cc032,135922,L,H,2026-02-07,online
5c8c22c9-bc50-465b-a721-c46695220abe,23643,L,H,2026-02-07,online
f5dc0e7b-f12f-4109-899e-f6a5f0c2e296,78221,L,H,2026-02-07,online
5ff7a5e9-5075-4de3-b787-8ee6c8440ae2,247243,L,H,2026-02-07,online
f1a4ae7a-2404-4889-8958-d5abe4a296c0,296746,L,H,2026-02-07,online
54f53658-78b5-4816-8a38-661e9874a3a0,431034,L,H,2026-02-07,online
22e89011-67e8-4137-96f2-ee9f3f4e729b,428272,L,H,2026-02-07,online
648b292d-71ec-496f-8806-b0a10b640540,37633,L,H,2026-02-07,online
53bc1ccc-3bed-48d2-81bd-d6c4cecf8410,332549,L,H,2026-02-07,online
b7f14c8d-fb57-4c97-b076-e2b5101c04f1,183251,L,H,2026-02-07,online
76d496c6-2a8a-4fdd-8b67-9a359319d92c,297711,L,H,2026-02-07,online
b808550b-2f07-4caf-aec1-1c0f8e4240e1,328778,L,H,2026-02-07,online
fd5fa3ca-a96f-4017-a36e-af00114f0de6,60392,L,H,2026-02-07,online
0425bbc6-456e-40e4-8156-62ed19d9263b,126890,L,H,2026-02-07,online
ca46aa71-3335-4c60-b1a0-18b7bbbe3898,239622,L,H,2026-02-07,online
3f9b207a-5eae-4c3b-90a1-901d5e9d3c5a,41084,L,H,2026-02-07,online
489b94be-2184-4a61-a9e5-5b63df0cb4fd,239883,L,H,2026-02-07,online
91a9d2d9-82ac-4940-86c0-6d67cbb15177,476519,L,H,2026-02-07,online
4049d368-700c-45b2-b82a-c22d3eb0c642,486500,L,H,2026-02-07,online
0ea59d5f-bfcd-4225-a94d-23203cffa9b2,226111,L,H,2026-02-07,online
9f2fb0a7-501c-4a14-9c0c-2ecacbca0166,47814,L,H,2026-02-07,online
ff8ae084-73b3-4101-be17-482e13dbd7a0,416031,L,H,2026-02-07,online
a5b01e6a-8a12-49e3-a9d7-657e9d268618,218180,L,H,2026-02-07,online
393599ad-6bea-49f8-af4b-09bf383b0289,16199,L,H,2026-02-07,online
7b5c7b45-a596-4f3c-871a-77cddf970273,296511,L,H,2026-02-07,online
69ca02fa-d6e2-4611-bf0b-8f555f1b8e70,49553,L,H,2026-02-07,online
9621408a-8a51-4eec-ab11-be989bf3a073,124419,L,H,2026-02-07,online
46520885-5243-4ddf-b999-fbcf29ee8628,55880,L,H,2026-02-07,online
c234eb9d-edd3-47cb-9623-02c0018dbf89,298961,L,H,2026-02-07,online
aea38117-cc15-436d-a46b-59eea65f21c3,320296,L,H,2026-02-07,online
09f54058-74bf-4394-9241-22b74acc6304,451668,L,H,2026-02-07,online
835e798c-573b-4fbd-8d55-10793f4ad210,413898,L,H,2026-02-07,online
4c9bf396-f033-42b0-8375-7098a7f0e312,384788,L,H,2026-02-07,online
052eabcc-7534-4bff-b623-570d9dd94104,326922,L,H,2026-02-07,online
8203f7ac-3b4c-4d02-8aed-efe0ade3860e,53960,L,H,2026-02-07,online
7a13ff92-b608-4376-ba41-860275a8be1b,330716,L,H,2026-02-07,online
7b06bbd9-d66e-4fd5-b8b8-4a9f617d8cdb,7882,L,H,2026-02-07,online
d67893bd-bede-4cb4-af92-db0403d335e4,260027,L,H,2026-02-07,online
0da5da30-34a7-4dbb-9fa1-d77bf649c32f,159246,L,H,2026-02-07,online
d62af502-2be8-4518-819f-90f34b0bef46,272278,L,H,2026-02-07,online
7c95322e-3fcf-4f11-bf2b-e2683e8e5bf0,290212,L,H,2026-02-07,online
f6f1b8f0-56d8-4b56-84d2-7d08dd2b3688,116066,L,H,2026-02-07,online
8ece2deb-1c2b-4349-bf59-c43682572e31,79348,L,H,2026-02-07,online
fc8c827b-215b-462c-810b-d2265d9e78d3,201102,L,H,2026-02-07,online
d8d07524-0f46-4edf-82ec-2eccdb9a032a,58383,L,H,2026-02-07,online
cdef6027-1a60-460e-98b6-ac0faad87cbf,78651,L,H,2026-02-07,online
53140710-1a69-4ebc-9f9d-1027d07213a6,267857,L,H,2026-02-07,online
7034cb53-42a8-4d8e-98b6-80d82e665e82,68237,L,H,2026-02-07,online
2a2ed965-d48c-4fde-b8fc-e5c73c011f65,340687,L,H,2026-02-07,online
3471131e-2149-4d77-872b-ebcddae887f1,160981,L,H,2026-02-07,online
8e2f6401-315b-48b6-bc6a-b278ebf67589,483940,L,H,2026-02-07,online
cdc1bceb-71c7-4570-94d3-7af5a8321eae,90074,L,H,2026-02-07,online
fdb9982e-9f9a-414f-af56-3ee4dda41a67,212983,L,H,2026-02-07,online
6e5dc389-c831-493c-87fd-0cf050911ffe,182602,L,H,2026-02-07,online
60906104-42e1-4317-b002-ca532862befc,238523,L,H,2026-02-07,online
53abc996-16fb-4b7f-894d-de010f3a2cad,388558,L,H,2026-02-07,online
99fc976a-ae90-4e48-b4fc-1b0945721d1d,72424,L,H,2026-02-07,online
1547ada6-be4d-42c8-9dcb-76e08fc99a5e,43829,L,H,2026-02-07,online
70b7df7a-a9d4-4b9f-8aa8-769137d8d23f,36167,L,H,2026-02-07,online
b620f8bc-402d-4d1d-8413-1075ee3927e5,331151,L,H,2026-02-07,online
a1cf8315-c454-4f2e-839f-9c3c1b3f75f6,240706,L,H,2026-02-07,online
ea0be8f9-6170-4b10-a3cb-f16a84414903,222807,L,H,2026-02-07,online
4d6d225e-da83-4c58-86b0-219c326aab5d,110301,L,H,2026-02-07,online
f2d74a6e-646a-4e33-b095-b9cd88a5a6a2,120159,L,H,2026-02-07,online
d5b99220-c81b-4e28-acc1-7a3af6462758,217086,L,H,2026-02-07,online
9c39f6ee-602b-4301-a09f-8d5d7f4ec011,358131,L,H,2026-02-07,online
2a1acada-4e69-4344-be94-2b0a92c427ba,149132,L,H,2026-02-07,online
2f8fd9e9-ea57-40e7-9976-789d8106fb1c,224396,L,H,2026-02-07,online
92d94317-acd3-4cac-b1af-c9cdd9ca6a19,325354,L,H,2026-02-07,online
28253867-7714-48fb-be87-5c621f7eb318,449349,L,H,2026-02-07,online
72933f50-b976-4494-9c63-6d6119ddb4ce,57257,L,H,2026-02-07,online
fee5f24c-4230-4822-83fd-d5c33e2284eb,403910,L,H,2026-02-07,online
eff6de2e-ccc2-49c5-b53e-0a93fb7f5cb3,310062,L,H,2026-02-07,online
1e9cbf15-d9a5-4d7b-86af-08afa5f81399,35446,L,H,2026-02-07,online
411fe96b-dda1-4ad3-96bf-26e9883eb1be,225496,L,H,2026-02-07,online
f557852d-5c17-4549-8f6a-f077bd7484fc,348186,L,H,2026-02-07,online
46348d76-81a5-46d3-91d5-221fbace6cef,158702,L,H,2026-02-07,online
3da7e60d-079e-43e2-b5e3-3f6ff64d3c7f,306140,L,H,2026-02-07,online
856b55c4-6505-416f-97a4-ddcf2a0d23a8,346956,L,H,2026-02-07,online
6128f443-fbc5-4a2c-9b75-4e231aa4189f,18268,L,H,2026-02-07,online
cf0f4c0d-a9c7-41b9-8ff6-c274e2105aa9,304904,L,H,2026-02-07,online
d524eab8-c2da-498c-8ae8-1064139fe8ae,270053,L,H,2026-02-07,online
6c33ad43-596a-4b7b-8aaa-851595d62d1c,180594,L,H,2026-02-07,online
33b5617f-a677-4cc6-baff-16c4c018fca4,387252,L,H,2026-02-07,online
58a2aad7-cbcc-4f13-88bc-21d2ac6ca2fd,39273,L,H,2026-02-07,online
3612c5f1-c320-46d6-93de-776988b3d576,374367,L,H,2026-02-07,online
c8bc2d1f-72ab-4503-bbca-ed689b135504,126958,L,H,2026-02-07,online
5c730cf2-a4b6-4ddc-a4b4-843aa7a6f589,335134,L,H,2026-02-07,online
48eb44e8-765f-4a20-9d22-f1acd3afbcca,482917,L,H,2026-02-07,online
e18ab5d1-8158-4a4a-a779-d27e4fff55f8,366695,L,H,2026-02-07,online
6c1bc341-9dd0-4cd8-8bd2-d81a72424817,304870,L,H,2026-02-07,online
86a9c00a-1919-4ea9-8ff1-0102a6da63bf,498972,L,H,2026-02-07,online
cb488207-f4ed-4850-be02-5f4ed15a3e56,491795,L,H,2026-02-07,online
84ede787-c313-4099-8035-4eebdb0001c8,471197,L,H,2026-02-07,online
c55685d8-5a22-45f5-bf37-c38b8013b2f0,72212,L,H,2026-02-07,online
8e8610c1-3527-4733-96ad-6abd17445f40,310716,L,H,2026-02-07,online
5f299ccc-a490-4119-ba57-a409c2e93185,310666,L,H,2026-02-07,online
e920255a-0c9b-47f1-b982-56c505efb90a,180069,L,H,2026-02-07,online
6db4d8d1-899c-446f-8ed5-bf4f035dd672,456146,L,H,2026-02-07,online
1278b002-b6ea-42f2-85b9-ac8c1fa7c9d9,455725,L,H,2026-02-07,online
2b052c68-b804-4705-b8cf-c302136534d1,103562,L,H,2026-02-07,online
ac309c47-52d3-4f45-98b5-1195dc4cd1f7,371467,L,H,2026-02-07,online
e2d1f30c-c03f-407b-b1bd-e373eebf7bc9,92512,L,H,2026-02-07,online
2ca9da63-5502-4a25-b97b-552f71c2bbf7,136581,L,H,2026-02-07,online
62d6bb42-ae26-4309-b633-2a7233265678,411088,L,H,2026-02-07,online
3d108b7b-7fc2-4afe-bed4-36547be61929,330854,L,H,2026-02-07,online
1c4f4367-11ec-4e76-a32a-213225834fd7,42897,L,H,2026-02-07,online
f10f18f5-d173-435e-ab14-ff4ec594ae88,65520,L,H,2026-02-07,online
b4f7661c-1387-42eb-a0ee-abd1dd1d8227,102261,L,H,2026-02-07,online
0300e00b-7830-4695-ba8c-91716b5fc4bc,407419,L,H,2026-02-07,online
772f27d6-0760-4d0d-95c1-34b453290a8e,194132,L,H,2026-02-07,online
893d56cc-d37e-444f-83ce-280fbbd1846c,37899,L,H,2026-02-07,online
9b630ad9-c519-44ad-a695-551dc740a897,24068,L,H,2026-02-07,online
592cf27a-5a40-4729-8364-a37a4e8a96a8,136377,L,H,2026-02-07,online
1fe947f5-6ebe-4e0d-95cb-5eb4ca96a02e,325314,L,H,2026-02-07,online
4a393716-67f0-48d5-bc6a-0cc658abb3dc,404851,L,H,2026-02-07,online
4afd507c-701d-472e-b630-39d1ea2de4d0,244425,L,H,2026-02-07,online
05756927-13cf-4a60-b390-aba1c9c61f1a,349532,L,H,2026-02-07,online
e54ee7a3-2c84-471d-9400-5ba7822038ba,398110,L,H,2026-02-07,online
590794eb-80ab-464b-849b-860e2ef40d42,385510,L,H,2026-02-07,online
ba6174b2-210c-4668-99f0-5a6b0ce38f39,57859,L,H,2026-02-07,online
f07ab63c-ec7a-49f2-92c5-35166146266c,154931,L,H,2026-02-07,online
f54acecc-f717-4ac3-9888-5dfdfa95a87e,84180,L,H,2026-02-07,online
6a18ed24-cdfa-4dad-bcb0-393b77a1ebad,192092,L,H,2026-02-07,online
2df0c783-5509-4ca1-adfa-3a26276eec95,344234,L,H,2026-02-07,online
96ab1519-9de3-4a1c-b312-0b47df3575af,254039,L,H,2026-02-07,online
d5147bbd-514d-4029-9d37-b1f76ffc227e,426616,L,H,2026-02-07,online
94bb034e-12b5-488f-a5f2-65191f525800,103981,L,H,2026-02-07,online
17d46745-2399-42f3-88ed-876a0178e9c0,444477,L,H,2026-02-07,online
06c47323-1505-408b-82f7-41f624b6e4d7,319981,L,H,2026-02-07,online
ead6e9d1-abe4-4561-8d5f-d6ae34ec7ad6,173605,L,H,2026-02-07,online
dd7c6b2b-bd64-4a66-903b-5b858f588cd3,466704,L,H,2026-02-07,online
ed5bb63e-0170-49f6-a16c-5187ab32965a,64575,L,H,2026-02-07,online
cc17b96b-f29f-4ee8-ad81-4bfeb775e182,196612,L,H,2026-02-07,online
35056a5c-af2a-41e7-9712-9469ac46cac4,420031,L,H,2026-02-07,online
2e9a0402-71b3-4620-a853-2d7a6802a6d6,483718,L,H,2026-02-07,online
c64eb9df-6c45-4db3-ab95-266d615daaa2,262001,L,H,2026-02-07,online
e08372c4-e2a0-48aa-b20d-088ac876b59b,185892,L,H,2026-02-07,online
f0ab18c5-909b-4d76-aace-cdfd96227374,468346,L,H,2026-02-07,online
62be6b58-1d6e-430d-86fb-8ec1044abf56,444841,L,H,2026-02-07,online
77c198ae-0d17-41f0-9e88-c21e8a4d88b7,100029,L,H,2026-02-07,online
aa92deb6-5145-4c4a-a988-efd0c30d6b55,368592,L,H,2026-02-07,online
e2fdbfe3-d5fd-470c-8455-41c4d29af5ca,44976,L,H,2026-02-07,online
b3c37731-e43d-4ab9-b5a5-77ac94b93779,299741,L,H,2026-02-07,online
1248fbae-3e4d-49dc-a1b5-6dc831fd67b1,96439,L,H,2026-02-07,online
d1e9fe1d-befd-4e4f-85b8-8000f64410c7,13836,L,H,2026-02-07,online
4402af46-7f5c-4524-9557-272b34e129ae,110834,L,H,2026-02-07,online
bf3a25f3-9c37-450b-ae67-a02dcdb16b12,194530,L,H,2026-02-07,online
e2481338-e939-4fcc-ab92-c966a626eac0,95580,L,H,2026-02-07,online
5475bdc6-54a3-4fe7-bbaf-da283fdd587d,27940,L,H,2026-02-07,online
1d0100fd-1838-4a12-8d05-bc8b569328d7,355272,L,H,2026-02-07,online
a196b0d1-520a-46f2-bcc2-fd0dcd62c593,98394,L,H,2026-02-07,online
162e8d23-bcf7-4975-a2b0-ace9f432713a,52736,L,H,2026-02-07,online
274da03c-82b5-48ec-8e8f-516684430298,399880,L,H,2026-02-07,online
e201b7c2-9fb1-43dd-8569-454b28cda172,275767,L,H,2026-02-07,online
aa4f9e39-2b54-464b-8490-29927d71ffef,306414,L,H,2026-02-07,online
7bbcca7e-d371-4f80-9737-103839cd1d54,136902,L,H,2026-02-07,online
fa07b00b-e8e0-4b5d-ab2e-71d5668adabc,79630,L,H,2026-02-07,online
42692386-96de-43c0-ad37-f883c5c1e5ac,460187,L,H,2026-02-07,online
46166732-a106-4591-be2a-e4602720c9f7,182408,L,H,2026-02-07,online
12e56189-3235-45bc-ac00-0f32aa57e8f4,428390,L,H,2026-02-07,online
e2be74b0-953e-44f7-9d82-7ca7ae9974fb,129018,L,H,2026-02-07,online
26ebbf8a-7e9c-4451-b630-31bf9d7f0581,285413,L,H,2026-02-07,online
31f34c1f-9526-47f4-80cd-4ba8d2a01312,86183,L,H,2026-02-07,online
8717bd5a-7f7b-4ef8-a029-7710967712ef,450558,L,H,2026-02-07,online
0621d43a-a62e-433c-ae7d-482a90311f86,478749,L,H,2026-02-07,online
7e681405-149e-4c6f-aa03-d7f084f00643,419686,L,H,2026-02-07,online
f6e65591-3278-4c7a-95d2-7c3bc252bb6a,91421,L,H,2026-02-07,online
d0d91945-de0c-481e-aebb-60e06e5d89be,343048,L,H,2026-02-07,online
e6d097cc-399c-4216-baba-4bd63c59a618,185064,L,H,2026-02-07,online
052e68ac-2d48-4446-8e34-602afe785d38,139891,L,H,2026-02-07,online
e81ca2b2-7772-4ef1-a5b4-32981a1e0ec7,2137,L,H,2026-02-07,online
5e5fc36c-61af-4f40-8f5a-ddde197b9de2,34900,L,H,2026-02-07,online
9a12a6dd-7a6b-441a-81c7-9340ee430740,249651,L,H,2026-02-07,online
a5ea9373-a915-4bc2-a6e1-b2fb5dbaa27e,420685,L,H,2026-02-07,online
627e034e-3b3f-401e-834f-1736acd44777,118322,L,H,2026-02-07,online
d778db6d-4409-47fc-926f-c0c7af0b7537,159443,L,H,2026-02-07,online
8b72ca97-6e7a-4c05-beed-748eb8174a8e,295565,L,H,2026-02-07,online
1a89365c-ec64-438c-a49e-2bc6b3ad4bd5,179532,L,H,2026-02-07,online
9f449392-ecd6-4b9a-a8a8-446f88c9cee0,388348,L,H,2026-02-07,online
e1f82a61-e509-4e4f-9904-133b80936008,451100,L,H,2026-02-07,online
f61c33ab-e775-43fc-bc25-8114a67fe0bb,107302,L,H,2026-02-07,online
1b869f1b-8786-4798-861f-206459f2c693,194624,L,H,2026-02-07,online
b09fc7a9-108a-41b8-a4ad-18aa25a617d0,466951,L,H,2026-02-07,online
f7fa86a0-2af3-46eb-b667-e840d9bc49f7,319190,L,H,2026-02-07,online
ed87223c-7b8e-4d61-a5d8-fdf3f85e08ed,415699,L,H,2026-02-07,online
f8e5a7d1-23dd-4d93-b04f-bd4f4f254fb3,73619,L,H,2026-02-07,online
461ae29c-5a92-4c1f-be28-56ac6d2ab7b9,272081,L,H,2026-02-07,online
bfecfb19-331a-4878-8b05-0357d87e5d12,204676,L,H,2026-02-07,online
74ec2dcb-3a86-46a6-869a-becfa5ce117d,105318,L,H,2026-02-07,online
adcb1fb0-e6fa-4e14-9993-6111616371fc,141676,L,H,2026-02-07,online
e358677b-bf98-4a43-bf15-c1dcb7524735,145552,L,H,2026-02-07,online
be405106-8930-4fb0-a01c-9d35274c1d6f,440136,L,H,2026-02-07,online
e4a24b32-7cf1-4585-80a8-529c550205f9,340933,L,H,2026-02-07,online
b114d8ce-730c-498a-aeb6-50b2ae70f169,160528,L,H,2026-02-07,online
ec690da9-f3a5-447a-8d45-e15d07552c1a,49204,L,H,2026-02-07,online
0e117f9f-4701-46b6-8feb-494cb69e2c91,264069,L,H,2026-02-07,online
d28c98da-bdc0-452a-a40d-44c0d436b040,94456,L,H,2026-02-07,online
1c99d27b-2bc1-401b-bca5-c56dcad5a001,455806,L,H,2026-02-07,online
724b0306-230f-45a6-b4a1-56b76260c40f,255869,L,H,2026-02-07,online
024452bb-ea29-4a11-8eca-42695a26c94e,72823,L,H,2026-02-07,online
a5b92110-0204-40ab-9edb-758148f0f629,440079,L,H,2026-02-07,online
3f2520b6-9147-4009-89d9-7977d9a1e573,328964,L,H,2026-02-07,online
55d036ed-caea-4a50-b7de-912072bbfe17,356563,L,H,2026-02-07,online
f1de822b-1e00-4164-bfb4-db750ba8fa02,1699,L,H,2026-02-07,online
d97de7d7-0455-4afc-b6ed-dcbe26c0f172,282397,L,H,2026-02-07,online
b7d2937b-0189-4e23-87e7-4a42dfd387cd,78893,L,H,2026-02-07,online
9d0d26b2-070c-46b3-a3d1-7cabff25658a,273695,L,H,2026-02-07,online
b7a1cfb4-a23f-4278-a42b-9b866ffdebf8,291733,L,H,2026-02-07,online
6e95659a-916a-408f-9b7c-d4c8e2fd81ad,8893,L,H,2026-02-07,online
a5250747-0320-42ac-abb3-596e6506a77d,499399,L,H,2026-02-07,online
ea0ec5e6-6cae-4a9e-bd75-25350c43a5e5,257786,L,H,2026-02-07,online
aaff704d-729c-48fd-a2da-0e34f5701f0c,148396,L,H,2026-02-07,online
69b3860b-fa87-4a87-8d7b-1de4e774bedc,177387,L,H,2026-02-07,online
b25e6656-60d1-4dcd-b795-613030e2c08c,93899,L,H,2026-02-07,online
e0e0fb2c-ea9e-486f-b654-6bbe1391fc9f,244663,L,H,2026-02-07,online
3085ee15-43d6-425a-8297-38d46282f89f,464573,L,H,2026-02-07,online
56900673-1b17-4d2d-a98c-c8b22f997403,185866,L,H,2026-02-07,online
898a7694-6c2b-44fc-bf93-d64874a48c68,289359,L,H,2026-02-07,online
7a55840a-77c8-4f41-a0b0-58203c5ef6cc,260890,L,H,2026-02-07,online
5283cd95-0e42-4f52-b6fc-bc4725c51e70,381041,L,H,2026-02-07,online
be9e83ef-8a45-4da4-a391-2268152fbcda,285345,L,H,2026-02-07,online
a3c3ba65-a55d-4284-98ef-ea9797e0ab63,140099,L,H,2026-02-07,online
40b77bb7-34c1-4ee6-9c66-15b8376486f5,217693,L,H,2026-02-07,online
a8a85bfd-9287-4143-9feb-62046bb84401,407504,L,H,2026-02-07,online
5068c18e-f63f-4db2-ae0b-e0f8ed857f2e,132782,L,H,2026-02-07,online
86fdb0bf-a7a8-4904-8307-aec0eff44f13,179868,L,H,2026-02-07,online
f12f09c5-1973-4bd6-b900-6f1e849047c2,247249,L,H,2026-02-07,online
d6b891ba-21ce-481d-8eee-99e8592c8b31,89575,L,H,2026-02-07,online
57a68acc-ce47-45c2-94e0-f0d1be4fc70b,492694,L,H,2026-02-07,online
c47ee9f4-6b13-48a0-8159-2b552fae858b,488475,L,H,2026-02-07,online
7ceb83f9-1eed-4f18-9fda-ab15fb73e511,81320,L,H,2026-02-07,online
3fb16446-4692-4e97-b6a5-b33f5bfcdc7c,444476,L,H,2026-02-07,online
1d31e1c4-1760-4e3b-8e69-3a9089204672,61967,L,H,2026-02-07,online
1803b7f8-493b-4806-aede-e2e20ab54d74,304604,L,H,2026-02-07,online
0509bdc7-f532-483e-9d1b-3fb9c2162618,295800,L,H,2026-02-07,online
743d544e-84e8-40a0-9f1d-11f99504b301,249372,L,H,2026-02-07,online
a7c6258b-2043-4f40-abf5-72b1cccc61d6,381489,L,H,2026-02-07,online
974cb10b-3041-4343-978f-dab6fd4292bc,204370,L,H,2026-02-07,online
20e27904-de27-4965-8a7e-5d71cbd57e36,73835,L,H,2026-02-07,online
97af31e5-28aa-4c84-a5f5-ff1a539b6573,153548,L,H,2026-02-07,online
30b3cc95-760e-472d-8b92-9e39a42d01b4,243963,L,H,2026-02-07,online
79405f83-8cf3-414f-8623-6f47a81dc8b9,228345,L,H,2026-02-07,online
6e67fef3-1749-4cd3-9ced-3f199f80aad8,448028,L,H,2026-02-07,online
7f490be0-c8b4-43c5-a829-eccfa314bf96,247220,L,H,2026-02-07,online
98ba7a01-6478-4af9-8b4b-9f371cb7b300,414272,L,H,2026-02-07,online
551c252b-258b-46e9-8d4f-dc1e8dce20b4,328621,L,H,2026-02-07,online
9f01943b-9d3e-49cc-b8b1-7fc86c6ef462,324613,L,H,2026-02-07,online
57079ff7-496d-4f4e-820c-8b63d175b3ed,327304,L,H,2026-02-07,online
3dea1c82-4922-4351-b41d-974ebc65cd11,43024,L,H,2026-02-07,online
03fba19c-7870-480f-8bd0-c163020980af,110174,L,H,2026-02-07,online
8f26642c-1bf5-4614-9477-a8829cc1d670,422179,L,H,2026-02-07,online
8265fe72-0879-4858-8f49-8c77501ae47a,63849,L,H,2026-02-07,online
d2329a8a-732a-4758-b67b-5e58de25d015,142504,L,H,2026-02-07,online
2531a4c8-f852-4673-b117-7b945b45dc00,86435,L,H,2026-02-07,online
baf630d0-f2ba-43ef-bf0f-f44dc8831bff,102306,L,H,2026-02-07,online
74953235-ecaa-488f-be35-e0684427a104,106483,L,H,2026-02-07,online
c08beb84-4262-4458-969d-a1b7b596f09e,422253,L,H,2026-02-07,online
fcf4bc4f-fb13-4a3f-85f0-b2671370e266,171942,L,H,2026-02-07,online
7fb5eb43-aceb-4eba-9157-c80ef09171a6,222686,L,H,2026-02-07,online
84d457b5-a325-4b2e-900d-41a13eb4cc82,291873,L,H,2026-02-07,online
0b73f376-d873-4232-8521-13014585ee3b,53614,L,H,2026-02-07,online
31fc9405-5c28-409c-be4d-a28d345e2743,456960,L,H,2026-02-07,online
7538f36e-9230-45ac-8417-1cbde8435cf8,17469,L,H,2026-02-07,online
e54bc643-57a0-462d-8f34-f073e44c7154,204121,L,H,2026-02-07,online